;CodigoTurma;Login_Quantidade;Numero_Dias_Acessados_Modulo_Somado;Turno_TempoUsoTotal_Somado;Evadido;Forum_Quantidade_Post_Somado;Forum_Quantidade_Visualizacoes_Somado;Forum_TempoUso_Somado;Chat_Quantidade_Mensagens_Somado;Chat_TempoUso_Somado;Turno_PercentualUsoMadrugada_Somado;Turno_PercentualUsoManha_Somado;Turno_PercentualUsoTarde_Somado;Turno_PercentualUsoNoite_Somado;Turno_TempoUsoMadrugada_Somado;Turno_TempoUsoManha_Somado;Turno_TempoUsoTarde_Somado;Turno_TempoUsoNoite_Somado;Assignment_View_Quantidade_Somado;Assignment_View_TempoUso_Somado;Resource_View_Quantidade_Somado;Resource_View_Tempo_Somado;Questionario_Quantidade_Somado;Questionario_TempoUso_Somado;Log_Post_Quantidade_Somado;Log_View_Quantidade_Somado
0;4468;0.11583906298589958;0.3578503173150217;-0.005006389852578176;0;-0.3556219825695028;0.7400537198722333;-0.29414467491120877;-0.3634438290398126;-0.520093646398304;-0.4485906085645952;1.103395263958999;1.5170312968378532;-1.3853975287053018;-0.4089727291338588;0.9089011935252016;1.0823549133820032;-0.7646486779690383;0.708908461750032;0.0;1.0321959873560518;0.7282723079979624;-0.03613408946268004;-0.7064347351943481;-0.12191703309839572;0.8043559672861497
1;4468;0.2791399642785219;1.200095122126029;0.6237482546768129;1;-0.005178960911206383;0.5701733145189767;0.09403089294958293;-0.3634438290398126;-0.3388980032865563;1.1014333484802834;-0.6047433729339473;-0.2560584473735077;0.24756996440712398;1.4640413731532285;-0.528527978099064;0.018051280941056326;0.7165301346643279;1.2871856857148973;0.0;-0.3955800828154592;-0.009937731152071165;-0.03613408946268004;0.9795125129421186;0.026637334962674612;0.3878380963514534
2;4468;-0.7823158941235231;-1.3266392923069927;-1.1951050698225698;0;-0.3556219825695028;-0.6756163247382395;-0.3549938179812788;-0.3634438290398126;-0.5224424788090118;0.9866794748747086;1.0297144359473471;-0.9925797363527318;0.024210169550802376;-0.27225637130268454;-0.4542708105168036;-0.7868089011300672;-1.0661819052136954;-1.0259232101445641;0.0;-1.1287623891197487;-1.2151106057800976;-1.2586707829500228;-0.832158453096141;-0.8349779997915333;-1.1579060024506418
3;4468;-0.21076273959934505;-0.2738332862932337;0.14159798357223083;1;1.396593125721979;1.5894557466385173;-0.3549938179812788;-0.3634438290398126;-0.5096916742937407;-0.2759435543203185;0.22419516132216497;1.7201846990942127;-1.1597728282543607;-0.25129319643523784;0.23805878170758982;1.4537725468451497;-0.5835559982075272;0.21324226978014738;0.0;0.4533678508000339;0.9826359838411126;-0.03613408946268004;0.05532605246527364;-0.032784412261753514;0.3878380963514534
4;4468;0.2791399642785219;0.7789727197205254;0.19708842398068657;1;-0.3556219825695028;0.9099341252254902;-0.19552709821144007;-0.3634438290398126;-0.2409181370113149;-0.4485906085645952;1.8151398152580558;0.20325950157085204;-0.7704962933244986;-0.4089727291338588;1.842645577378731;0.23760850269266992;-0.3220416620389434;0.6262974297550512;0.0;0.4533678508000339;0.4832390027970936;-0.03613408946268004;-0.07664480669872027;-0.12191703309839572;0.46188571785095495
5;4468;-0.7823158941235231;-0.6949556886987374;-0.37439460550985393;0;-0.3556219825695028;-0.6189895229538206;-0.3549938179812788;-0.3634438290398126;-0.5147248866024003;2.3077509782244254;0.7743762725145452;0.6309799314803449;-1.471819575493203;1.2380036615390204;0.2829290702041046;0.09050516411908882;-0.9185822541945093;-0.7780901141596218;0.0;-0.164048828193052;0.17133804132654074;-0.03613408946268004;0.8748728968002536;-0.3893148956083223;-0.6118047938918177
6;4468;-0.2924131902456562;0.14728911611226989;0.5742178986085247;1;-0.3556219825695028;-0.16597510867846926;-0.17454463508382972;-0.1845854113547654;0.24831009939040394;0.5858158944341239;0.21131286604748958;-0.9410585487162809;0.5180351252048874;0.8096257403346743;0.4722058505520789;-0.7319195956921638;0.874398422002794;0.04802020579018586;0.0;0.9550189024819161;0.12624124988884686;-0.03613408946268004;0.03228971906090784;0.32374607108481523;0.4063500017263288
7;4468;-0.1291122889530339;0.14728911611226989;0.40548585573688706;0;-0.3556219825695028;-0.16597510867846926;-0.14884111775250702;-0.3634438290398126;-0.5224424788090118;-0.4485906085645952;-0.6806780877943333;0.18333734339645322;0.46724324079003837;-0.4089727291338588;-0.6242723260881061;0.3561694024385413;0.6569336565870102;0.04802020579018586;0.0;-0.0482832008818484;0.9573106920977772;-0.03613408946268004;1.1173400670394258;0.026637334962674612;0.026855941541383245
8;4468;-0.9456167954161454;-1.5372004935097447;-1.309648299900271;0;-0.3556219825695028;-0.6756163247382395;-0.1976253445242011;-0.3634438290398126;-0.5224424788090118;-0.4485906085645952;2.930857049903289;1.4202432434416905;-2.209983925663601;-0.4089727291338588;-0.5294759419405397;-0.7319195956921638;-1.2038008256047958;-1.0259232101445641;0.0;-1.2445280164309522;-1.3192997446189076;-1.2586707829500228;-1.3373960026766385;-1.0726649886892459;-1.268977434699894
9;4468;0.2791399642785219;-0.2738332862932337;-0.3110943994142822;1;-0.3556219825695028;0.06053209845920641;0.6909819689300977;-0.3634438290398126;-0.4875455401356382;-0.4485906085645952;-0.5378920373214549;-0.9925797363527318;1.2598519019288918;-0.4089727291338588;-0.5294759419405397;-0.7868089011300672;0.2238275284663428;-0.11720185819977567;0.0;0.14465951130349095;-0.16233378497600226;-0.03613408946268004;-0.61507029423466;-0.12191703309839572;0.19346308991526176
10;4468;-0.6190149928309008;-0.6949556886987374;0.25696329424857584;0;0.34526406074709;-0.27922871224730705;-0.3392569706355711;1.290996534546874;1.0979163370921543;-0.4485906085645952;-0.38428228827159955;0.06475244075528039;0.4089754454409093;-0.4089727291338588;-0.31997593297441784;0.15399379407559707;0.46250134646680807;-0.8607011461546026;0.0;-0.3569915403783913;-0.14922683574041634;-0.03613408946268004;2.1711547087069394;1.0368070377779528;-0.6118047938918177
11;4468;-0.2924131902456562;-0.6949556886987374;-0.454615970594177;0;-0.005178960911206383;0.17378570202804425;0.031608065144942105;0.3519898417003761;-0.23487828224092333;-0.4485906085645952;-0.6806780877943333;-0.5904733140269727;1.0348653798450242;-0.4089727291338588;-0.6242723260881061;-0.5873777580390181;-0.05304177789929551;-0.19981289019475643;0.0;0.028893883992287338;-0.1654439085234294;-0.03613408946268004;-0.9414834251846567;0.2643243238603871;-0.16751906489480836
12;4468;0.7690426681563888;0.9895339209232772;0.737537910872424;1;-0.005178960911206383;0.003905296674787494;-0.3549938179812788;-0.22930001577602718;0.40635296588231723;-0.4485906085645952;-0.22951757750777876;-0.5144952025436862;0.7580319999323026;-0.4089727291338588;-0.02263127469821784;-0.23425655972183965;1.249059694810923;1.1219636217249358;0.0;0.3376022234888303;1.1212586333835806;-0.03613408946268004;0.6972198171564157;0.204902576635959;0.6840285823494596
13;4468;1.0139940200953224;0.9895339209232772;0.7839169579792445;0;-0.3556219825695028;-0.3924823158161449;-0.11212180727918888;-0.05044159809098002;0.630498687361294;-0.34393933557215656;-0.171168828508476;-0.5690193462299755;0.7353524024967468;-0.27225637130268454;0.07026918176639725;-0.28640139988784785;1.2843761262641482;0.13063123778516664;0.0;1.4566699541637984;0.7493767177840752;-0.03613408946268004;0.9529621625777648;0.9476744169413106;0.8506357307233382
14;4468;0.11583906298589958;0.14728911611226989;0.32259272870697164;1;0.34526406074709;-0.10934830689405034;-0.3549938179812788;-0.3634438290398126;-0.42177823263581865;1.8080477280756158;-0.35628162296481336;-0.2244592297112633;-0.1274864169697382;1.9019894394057566;-0.27763354805517154;-0.07544350265483914;0.17526743521815805;1.8654629096797626;0.0;-0.5499342525637306;-0.05148009567841973;-0.03613408946268004;0.5195667375125776;-0.032784412261753514;-0.13975120683249528
15;4468;0.19748951363221073;0.3578503173150217;0.41548783635371983;1;-0.3556219825695028;0.06053209845920641;0.020592272002946662;0.21784602843659076;0.8835014927432528;0.7504494434479173;-0.47279979379769177;-0.5778085220215348;0.533225441839993;0.887098343105673;-0.3898092692964585;-0.3813598982954208;0.7136510777523801;0.4610753657650897;0.0;0.1832480537405588;0.008056555086614575;-0.03613408946268004;0.476227195006059;0.41287869192145743;0.24899880603988794
16;4198;-0.6190149928309008;-0.48439448749598557;-0.7572786443281986;1;-0.3556219825695028;-0.4491091176005638;-0.28522712808197437;-0.3634438290398126;-0.5224424788090118;1.08971583571163;-0.6806780877943333;1.4455886073148545;-0.9596293511376067;0.1497414532028733;-0.6242723260881061;0.01402606520894341;-0.9101370205861293;-0.7780901141596218;0.0;0.0674824264293552;-0.09391106693260462;-1.2586707829500228;-0.504183536830594;-0.8052671261793192;-0.7413881315159455
17;4198;-0.8639663447698342;-0.6949556886987374;-0.5753248051617067;0;-0.3556219825695028;-0.22260191046288816;-0.1902814824295375;-0.3634438290398126;-0.49727641726571353;-0.016449924636505894;-0.3099206136557892;0.669686683830151;-0.21194059078417704;-0.20389819238709742;-0.44068332878898575;-0.07343089478878267;-0.5906576719236649;-0.5302570181746795;0.0;-0.164048828193052;-0.3562722033262819;1.1864026040246627;-0.2831909146802374;-0.27047140115946605;-0.3804059767058754
18;4198;-0.6190149928309008;0.5684115185177735;1.1596762982760096;1;1.396593125721979;2.6653649805424764;-0.3549938179812788;0.12841681959406717;1.088856554936567;-0.07870074521749823;-0.19243835074097274;-0.2638275250400235;0.4355285341672233;0.15931159825105548;0.15842981902363404;0.22571581984779085;1.4244902293122703;-0.2824239221897372;0.0;0.2990136810517624;0.3368410443860577;-1.2586707829500228;0.5660298506501968;-0.06249528587396758;1.007986926409779
19;4198;-0.21076273959934505;0.14728911611226989;0.8187183699884982;1;8.755896580546203;3.1183793948178278;0.02793613409761029;4.599877261720247;1.4361482042340834;0.2797683177108246;-0.45555586920642965;-0.5602708554595016;0.6651903430532536;0.5580676419253137;-0.31239222224261254;-0.2677390360389607;1.2647025706991721;-0.8607011461546026;0.0;0.6077220205483054;0.4085960376588416;1.1864026040246627;-0.09187221352533495;3.889050904550503;1.3782250339072868
20;4198;-0.9456167954161454;-1.116078091104241;-0.9673202372816866;0;-0.3556219825695028;-0.6756163247382395;-0.3549938179812788;-0.3634438290398126;-0.5224424788090118;-0.4485906085645952;-0.6806780877943333;2.1543932389502483;-0.9786078248395427;-0.4089727291338588;-0.6242723260881061;-0.1189890183022425;-1.0169500320193894;-1.0259232101445641;0.0;-0.6656998798749343;-0.9005438241260357;-0.03613408946268004;-0.263278151906972;-0.686423631730463;-0.9820429013893256
21;4198;-0.5373645421845896;-1.3266392923069927;-1.1689355040990759;0;-0.3556219825695028;-0.5623627211694017;-0.3261429311808146;-0.3634438290398126;-0.48553225521217436;-0.4485906085645952;0.6011855528166127;2.976668616372241;-2.209983925663601;-0.4089727291338588;-0.4754420029764268;-0.3873977218935901;-1.2038008256047958;-0.9433121781495833;0.0;-1.0129967618085451;-0.9643013568482927;-1.2586707829500228;-1.331539307743325;-1.0726649886892459;-1.0838583809511402
22;4198;-0.9456167954161454;-0.2738332862932337;-0.4509851146168336;0;-0.3556219825695028;-0.5623627211694017;-0.3549938179812788;-0.3634438290398126;-0.5224424788090118;1.4350409121997736;-0.6806780877943333;1.2247777611380988;-0.9101127154960593;0.6282487056119832;-0.6242723260881061;0.31738095992908955;-0.7409444427273355;-0.7780901141596218;0.0;-0.4727571676895949;-0.8827716895693091;-1.2586707829500228;1.449609892922736;-0.6567127581182489;-0.6580845573290063
23;4198;-0.7006654434772119;-0.2738332862932337;-0.41892397126972586;0;-0.3556219825695028;-0.27922871224730705;-0.3549938179812788;-0.3634438290398126;-0.42177823263581865;-0.4485906085645952;-0.6806780877943333;0.37188389655916754;0.32893654161116925;-0.4089727291338588;-0.6242723260881061;-0.08312800541614561;-0.26753151783940005;-0.695479082164641;0.0;0.14465951130349095;-0.42291770791400685;-0.03613408946268004;-0.08679641124979673;-0.35960402199610825;-0.4451976455179392
24;4198;-0.2924131902456562;-0.9055168899014892;-0.22991394029820808;0;-0.005178960911206383;-0.27922871224730705;-0.32194643855529254;-0.3634438290398126;-0.4888877300846141;-0.4485906085645952;-0.5226278985081165;-0.9925797363527318;1.252371403399548;-0.4089727291338588;-0.5111486410053435;-0.7868089011300672;0.3319840997918452;-1.0259232101445641;0.0;-0.0482832008818484;0.08136661013311204;-1.2586707829500228;-0.6365448423234755;-0.7755562525671051;-0.26007859176918535
25;4198;-0.9456167954161454;-1.116078091104241;-0.8148242862332639;0;-0.3556219825695028;-0.27922871224730705;-0.3549938179812788;-0.3634438290398126;-0.5224424788090118;-0.4485906085645952;-0.6806780877943333;0.21830394024011204;0.4415937950174003;-0.4089727291338588;-0.6242723260881061;-0.4276498792147193;-0.6414250421376763;-1.0259232101445641;0.0;-0.2798144555042556;-0.6028605703008643;-1.2586707829500228;-1.196054431619343;-1.0132432414648176;-0.787667894953134
26;4468;0.6057417668637665;1.200095122126029;0.6140203009261948;1;-0.3556219825695028;1.1930681341475848;0.2162537406679133;-0.22930001577602718;-0.3798347967303215;-0.4485906085645952;0.1330506468061224;0.1948185733456124;0.06003713479636913;-0.4089727291338588;0.3966847311811843;0.5043705271208805;0.5612529985466146;0.3784643337701089;0.0;0.1832480537405588;0.27197275325400544;-0.03613408946268004;0.9752176033243555;-0.18133878032282383;0.9246833522228397
27;4468;-0.6190149928309008;-0.6949556886987374;-0.22114508057934099;1;0.6957070824053864;-0.27922871224730705;-0.3549938179812788;-0.1398708069335036;-0.10133038231782038;-0.4485906085645952;-0.6806780877943333;-0.38589867217388746;0.8848014143373546;-0.4089727291338588;-0.6242723260881061;-0.4075238005541547;0.1796819891498112;0.13063123778516664;0.0;-0.3184029979413235;-0.16411099843167493;-0.03613408946268004;-0.25156476204034534;0.11576995579931681;-0.41742978745562614
28;4468;-0.5373645421845896;-0.6949556886987374;-0.08652938255142056;0;-0.005178960911206383;-0.3924823158161449;-0.3549938179812788;0.7097066770704705;0.39829982618846177;-0.4485906085645952;-0.6806780877943333;-0.9925797363527318;1.3298270805901207;-0.4089727291338588;-0.6242723260881061;-0.7868089011300672;0.5672030494979732;-0.03459082620479491;0.0;-0.4727571676895949;0.5863173832261082;-1.2586707829500228;-0.6966735769721591;0.204902576635959;-0.5192452670174408
29;4468;0.4424408655711442;-0.6949556886987374;0.12152551562201165;0;-0.3556219825695028;-0.5623627211694017;-0.3549938179812788;-0.1845854113547654;-0.02449000773894958;-0.4485906085645952;-0.4551567006738005;0.2927023572159435;0.27649818136317;-0.4089727291338588;-0.41224441354471586;0.26047904662512966;0.24494061248729268;0.6262974297550512;0.0;-0.3184029979413235;-0.5788681886492832;-0.03613408946268004;-0.6982353622877093;-0.12191703309839572;-0.37115002401843766
30;4468;-0.21076273959934505;-1.116078091104241;-0.12571522442010782;1;-0.3556219825695028;-0.335855514031726;-0.3549938179812788;-0.274014620197289;-0.4402333444342374;-0.4485906085645952;-0.6806780877943333;-0.9925797363527318;1.3298270805901207;-0.4089727291338588;-0.6242723260881061;-0.7868089011300672;0.5123090310435036;0.04802020579018586;0.0;-0.0482832008818484;0.46324535142077605;-0.03613408946268004;-0.06141739987210559;0.08605908218710275;-0.3526381186435623
31;4468;1.2589453720342556;1.200095122126029;0.17639939558148457;0;-0.005178960911206383;-0.5057359193849827;-0.2868008128165452;0.08370221517280536;0.10402467987549371;-0.4485906085645952;1.4121718537641172;0.14044695385116795;-0.5269381315574547;-0.4089727291338588;1.416693824608999;0.17082651440988747;-0.18663001861366935;-0.5302570181746795;0.0;-0.00969465844478053;0.527002884143033;-0.03613408946268004;-0.5647027178081652;0.23461345024817307;-0.20454287564455914
32;4468;-0.4557140915382785;-1.3266392923069927;-1.2303175221311453;0;-0.3556219825695028;-0.4491091176005638;-0.3549938179812788;-0.3634438290398126;-0.5224424788090118;-0.4485906085645952;-0.6806780877943333;3.833066223236113;-2.209983925663601;-0.4089727291338588;-0.6242723260881061;-0.4651575712639533;-1.2038008256047958;-0.9433121781495833;0.0;-1.0129967618085451;-1.200226443088839;-1.2586707829500228;-1.3346628783744254;-1.0726649886892459;-0.9727869487018879
33;4468;-0.9456167954161454;-1.7477616947124965;-1.322322042462696;0;-0.3556219825695028;-0.5057359193849827;-0.3549938179812788;-0.3634438290398126;-0.5224424788090118;-0.4485906085645952;-0.6806780877943333;-0.9925797363527318;1.3298270805901207;-0.4089727291338588;-0.6242723260881061;-0.7868089011300672;-1.163973871656186;-1.0259232101445641;0.0;-0.9358196769344094;-1.2802010485941089;-1.2586707829500228;-1.3081125280100718;-1.0726649886892459;-1.093114333638578
34;4468;1.912148977204745;1.6212175245315326;1.0367067420622096;1;1.7470361473802754;1.759336151991774;1.9541262492122415;0.08370221517280536;0.24696790944142802;1.8897373978733731;1.2862354565915184;-0.008064877450121254;-1.1177719370403463;3.007569053067186;2.3744532924465784;0.5140676377482434;-0.1718508597990044;0.7915194937450127;0.0;-0.4341686252525271;-0.5710928797807153;-0.03613408946268004;1.0806381121239956;0.3831678183092434;1.2116178855334083
35;4468;3.3818570888383457;2.252901128139788;3.371210122060909;1;3.8496942773300535;6.629241105451801;11.227325828459641;0.9332796991767794;1.8918216919114046;-0.39923055205858554;-0.3529902359709321;-0.22841002466354637;0.5926125360487317;-0.266331995796667;0.36382198467669463;1.2102469950523183;4.033395634355555;2.030684973669724;0.0;0.22183659617762666;0.5338895862837646;-0.03613408946268004;0.46568514412609496;2.1955311086543015;3.41453462514358
36;4468;-0.2924131902456562;-0.2738332862932337;0.22545020463389728;0;1.0461501040636827;0.17378570202804425;-0.3182745075079607;-0.05044159809098002;0.24831009939040394;-0.4485906085645952;0.34275763439666673;0.22641601999578945;-0.06591203106250301;-0.4089727291338588;0.4058483816487824;0.27657990955358136;0.13361707855864782;-0.9433121781495833;0.0;-0.3184029979413235;-0.5395473409425255;-0.03613408946268004;0.25289189488237696;-0.12191703309839572;0.3415583329142649
37;4468;-0.9456167954161454;-1.9583228959152483;-1.3507523298324604;0;-0.3556219825695028;-0.6756163247382395;-0.3549938179812788;-0.3634438290398126;-0.5224424788090118;-0.4485906085645952;-0.6806780877943333;-0.9925797363527318;-2.209983925663601;-0.4089727291338588;-0.6242723260881061;-0.7868089011300672;-1.2038008256047958;-1.0259232101445641;0.0;-1.2445280164309522;-1.3192997446189076;-1.2586707829500228;-1.3373960026766385;-1.0726649886892459;-1.268977434699894
38;4468;-0.4557140915382785;0.3578503173150217;-0.7864625055800532;0;-0.3556219825695028;-0.5623627211694017;-0.3549938179812788;-0.3634438290398126;-0.4150672828909391;5.599266120579486;-0.3676228400808819;-0.132552022838821;-1.4239799996518998;1.679597497333713;-0.511464628952502;-0.5182172331872599;-1.028274322539717;-0.9433121781495833;0.0;-0.7428769647490701;-0.8729970155631095;-1.2586707829500228;-0.245708067107032;-0.6567127581182489;-0.8154357530154471
39;4468;1.0139940200953224;0.9895339209232772;1.9491476998402615;1;1.7470361473802754;2.6087381787580575;-0.28942362070749644;0.5755628638066851;0.9204117163400903;-0.4485906085645952;-0.4299572214735856;0.05141238645942546;0.4411448478670993;-0.4089727291338588;-0.09594047843900254;1.1198626054312373;2.2583610795760594;1.6176298136948202;0.0;0.6077220205483054;1.771052303113899;-1.2586707829500228;1.0740005245329072;1.6904462572466623;2.192748870401804
40;4468;-0.7006654434772119;0.3578503173150217;-0.7604299532896664;0;-0.3556219825695028;-0.6756163247382395;-0.3549938179812788;-0.3634438290398126;-0.5224424788090118;-0.4485906085645952;0.24640972840028363;1.6042080436172599;-1.0293622686733785;-0.4089727291338588;-0.27478965653074455;0.06159679658845969;-0.9279871734402052;-0.44764598617969875;0.0;-1.0129967618085451;-1.1904517690826393;-0.03613408946268004;0.04205087728309674;0.17519170302374493;-0.787667894953134
41;4468;-0.4557140915382785;-0.6949556886987374;-0.8459263355486205;0;-0.3556219825695028;-0.6756163247382395;-0.3549938179812788;-0.3634438290398126;-0.41338954545471923;-0.4485906085645952;-0.3866190454056035;-0.5381085310920963;0.852344090763538;-0.4089727291338588;-0.5294759419405397;-0.6598316412170507;-0.5920012318159071;-0.6128680501696603;0.0;-0.8200540496232057;-1.0527177262680079;-0.03613408946268004;-0.47216693786181446;-0.032784412261753514;-0.7691559895782586
42;4468;-0.7006654434772119;-0.9055168899014892;-1.1352301995546805;0;-0.3556219825695028;-0.6756163247382395;-0.3549938179812788;-0.3634438290398126;-0.5224424788090118;0.5879426427302826;-0.6806780877943333;-0.5324100657221507;0.6547200847499183;-0.27225637130268454;-0.6242723260881061;-0.7319195956921638;-0.9594648623441668;-0.7780901141596218;0.0;-1.051585304245613;-1.1968941678594527;-0.03613408946268004;-1.1054708833174303;-0.686423631730463;-1.0746024282637026
43;4468;-0.6190149928309008;-0.06327208509048192;-0.9219002842066173;0;-0.3556219825695028;-0.6756163247382395;-0.3549938179812788;-0.3634438290398126;-0.5224424788090118;-0.4485906085645952;-0.6806780877943333;-0.380508985411958;0.8808478560614463;-0.4089727291338588;-0.6242723260881061;-0.6415352060710828;-0.6792366562479228;-0.7780901141596218;0.0;-1.0129967618085451;-1.101146792935088;-0.03613408946268004;-0.7489933850430917;-0.15162790671060977;-0.9357631379521372
44;4468;-0.9456167954161454;-1.9583228959152483;-1.3507523298324604;0;-0.3556219825695028;-0.6756163247382395;-0.3549938179812788;-0.3634438290398126;-0.5224424788090118;-0.4485906085645952;-0.6806780877943333;-0.9925797363527318;-2.209983925663601;-0.4089727291338588;-0.6242723260881061;-0.7868089011300672;-1.2038008256047958;-1.0259232101445641;0.0;-1.2445280164309522;-1.3192997446189076;-1.2586707829500228;-1.3373960026766385;-1.0726649886892459;-1.268977434699894
45;4468;-0.6190149928309008;-1.116078091104241;-0.6121814186675699;0;-0.3556219825695028;-0.3924823158161449;-0.13153058567222847;-0.3634438290398126;-0.4858678026994183;-0.4485906085645952;-0.1654623357373135;-0.9925797363527318;1.0773352287609577;-0.4089727291338588;-0.38127759472317746;-0.7868089011300672;-0.2429635655241129;-0.7780901141596218;0.0;0.7620761902965768;-0.289848850420516;-0.03613408946268004;0.40555640947741134;0.65056568081917;-0.18603097026968377
46;4468;-0.04746183830672274;0.5684115185177735;0.2141465964025452;1;-0.3556219825695028;0.343666107381301;-0.10792531465366681;-0.05044159809098002;0.26441637877811486;3.9510930617386135;-0.6806780877943333;0.031784718155356335;-0.8543709717587256;3.8046254192229316;-0.6242723260881061;0.10038523909791143;-0.3642678300808432;-0.365034954184718;0.0;-0.00969465844478053;0.28774552267310033;-0.03613408946268004;0.2665575163934414;0.11576995579931681;0.19346308991526176
47;4468;0.2791399642785219;0.14728911611226989;0.13406224475132944;1;-0.3556219825695028;0.23041250381246314;0.0027571783444778524;-0.22930001577602718;0.14227709342130712;-0.4485906085645952;-0.5633706809647436;-0.8160208550313436;1.1428249748435333;-0.4089727291338588;-0.5130445686882948;-0.6417181704225425;0.7663378192410233;1.039352589729955;0.0;0.3761907659258981;0.18155701869665855;-0.03613408946268004;-0.6912073283677334;-0.2110496539350379;0.24899880603988794
48;4468;-0.9456167954161454;-1.3266392923069927;-0.9192970289775786;0;-0.3556219825695028;-0.5623627211694017;-0.3549938179812788;-0.3187292246185508;-0.38184808165378537;-0.4485906085645952;-0.6806780877943333;-0.9925797363527318;1.3298270805901207;-0.4089727291338588;-0.6242723260881061;-0.7868089011300672;-0.5993908112232397;-0.9433121781495833;0.0;-0.7042884223120022;-0.8090173311588935;-1.2586707829500228;-0.9559299393534962;-1.0132432414648176;-0.6488286046415686
49;4468;-0.04746183830672274;-0.06327208509048192;-0.41426551454407773;1;-0.3556219825695028;-0.5623627211694017;-0.3549938179812788;-0.3634438290398126;-0.40600750073535175;-0.4485906085645952;0.21652551750392313;-0.9925797363527318;0.8901343909448575;-0.4089727291338588;-0.08772479181288012;-0.7868089011300672;-0.05486518061019573;0.21324226978014738;0.0;-0.12546028575598414;-0.005716849194848585;-1.2586707829500228;-0.46709113558627624;-0.5675801372816067;-0.4637095508928146
50;4468;-0.5373645421845896;-0.2738332862932337;-0.1327714162251337;0;-0.3556219825695028;-0.5057359193849827;-0.3481745174648055;-0.09515620251224181;0.06208124396999656;-0.4485906085645952;-0.6806780877943333;-0.8297253807152345;1.2103666714905923;-0.4089727291338588;-0.6242723260881061;-0.6770302902542604;0.4448431307401955;-0.695479082164641;0.0;-0.6656998798749343;-0.49578345959658615;-0.03613408946268004;0.9139175296890092;-0.15162790671060977;-0.6303166992666932
51;4468;-0.7006654434772119;-0.06327208509048192;-0.44255878848073477;0;-0.005178960911206383;-0.335855514031726;-0.1976253445242011;1.0674235124405649;0.6476116092107369;-0.4485906085645952;-0.6806780877943333;-0.3501066920196543;0.8585465157503968;-0.4089727291338588;-0.6242723260881061;-0.46387682080373555;-0.10093009120135912;-0.8607011461546026;0.0;-0.7042884223120022;-0.7485920736660229;-0.03613408946268004;-0.29763742884907696;0.65056568081917;-0.6118047938918177
52;4468;-0.8639663447698342;-1.116078091104241;-0.9534818805378495;0;-0.3556219825695028;-0.052721505109631424;-0.19342885189867903;-0.3634438290398126;-0.49727641726571353;-0.4485906085645952;2.8829025373915993;-0.9925797363527318;-0.4165773482405851;-0.4089727291338588;0.27976919073251905;-0.7868089011300672;-0.9218451853613834;-1.0259232101445641;0.0;-0.164048828193052;-0.7012737654087381;-1.2586707829500228;-1.3256826128100117;-1.0726649886892459;-0.6395726519541308
53;4468;6.892826466629725;2.4634623293425397;2.4071836067179593;1;1.0461501040636827;5.440078267979003;1.2008558229310295;-0.3187292246185508;0.6113724805883873;-0.30274871127245206;0.007985799739093398;0.3678908627278003;-0.053122325756563935;-0.0735619312547113;1.0283446375511354;2.042734794193853;2.0038524485598814;1.2045746537199165;0.0;1.6496126663491377;1.912340772839876;-0.03613408946268004;1.3820626780251888;0.8288309224924544;4.765903717509484
54;4468;-0.04746183830672274;-0.48439448749598557;-0.29465278744140644;1;-0.3556219825695028;-0.10934830689405034;0.2954625389746424;-0.3634438290398126;-0.5224424788090118;-0.4485906085645952;0.6804414715049769;2.199057926827601;-1.6784152643604722;-0.4089727291338588;0.29367266040749546;1.0786956263528098;-0.9816336005661642;-0.03459082620479491;0.0;-0.7428769647490701;-0.8303438926269655;-0.03613408946268004;0.22907466882023603;-0.0030735386495394515;-0.38966192939331307
55;4468;2.1571003291436783;0.7789727197205254;1.520912214663401;1;1.396593125721979;1.4762021430696795;-0.11107268412280837;-0.3634438290398126;-0.3117186568197941;-0.4485906085645952;0.4435003163791305;1.1446433497436945;-0.7888407550169153;-0.4089727291338588;1.4372330411743053;2.609924283718855;0.4112541334341388;3.022017357609493;0.0;1.4180814117267306;1.600217659687364;-0.03613408946268004;1.2005051350924751;0.5317221863703138;1.9891179112781747
56;4468;-0.7006654434772119;-1.116078091104241;-1.2152460444893427;1;-0.3556219825695028;-0.6756163247382395;-0.3549938179812788;-0.3634438290398126;-0.5224424788090118;-0.4485906085645952;5.180306643775252;-0.9925797363527318;-1.5424664828502228;-0.4089727291338588;-0.11711167089862572;-0.7868089011300672;-1.1680045513329127;-1.0259232101445641;0.0;-1.1673509315568165;-1.1860087354434576;-1.2586707829500228;-1.3225590421789113;-1.0726649886892459;-1.1393940970757666
57;4468;-0.5373645421845896;-0.2738332862932337;-0.32287755466150986;1;-0.3556219825695028;-0.6756163247382395;-0.3549938179812788;-0.3634438290398126;-0.5224424788090118;-0.4485906085645952;0.4203057664644678;1.684296519687775;-1.173331727412337;-0.4089727291338588;0.09839210906350862;0.7360033960688328;-0.7821149565681877;-0.2824239221897372;0.0;-0.2798144555042556;0.17222664805437707;-0.03613408946268004;0.7905364897605415;-0.15162790671060977;-0.6951083680787571
58;4468;0.4424408655711442;-0.2738332862932337;0.23586322555005196;0;0.34526406074709;1.079814530578747;0.2975607852874035;-0.3634438290398126;-0.5224424788090118;4.769466375676973;-0.5758874310989218;-0.9184031398447251;-0.4752319847559103;4.657735492089459;-0.5181003758428316;-0.7216735920104218;-0.11455762725124495;0.9567415577349743;0.0;-0.0482832008818484;0.4776852107481165;-0.03613408946268004;0.16894593417155243;-0.032784412261753514;0.6562607242871465
59;4468;0.5240913162174553;0.7789727197205254;1.1294648362758504;1;0.6957070824053864;1.4195753412852605;1.7369577558414744;-0.274014620197289;-0.30400106461318266;-0.4485906085645952;0.1027987888558146;-0.26668017186951265;0.41339109064557433;-0.4089727291338588;0.6166123424035385;0.2096149569193392;1.371131707877506;1.369796717709878;0.0;1.5338470390379342;0.663181865183951;-0.03613408946268004;1.6819254586108319;0.32374607108481523;1.4152488446570377
60;4468;-0.5373645421845896;-0.06327208509048192;-0.2597143619990454;1;-0.3556219825695028;-0.4491091176005638;-0.3549938179812788;-0.1845854113547654;-0.2781639080953964;-0.4485906085645952;-0.39721588901444116;1.0051273959529974;-0.2744901273672263;-0.4089727291338588;-0.42677985911400934;0.41947506804358986;-0.36810657263010677;0.6262974297550512;0.0;-0.20263737063011986;0.03937994224284531;-0.03613408946268004;0.16972682682932755;0.3534569446970293;-0.22305478101943454
61;4468;2.2387507797899895;1.4106563233287808;2.4124586238925905;1;2.4479221906968682;1.5894557466385173;2.1314280626405493;0.2625606328578525;1.4945334670145354;-0.4485906085645952;1.3153571351819753;-0.03855448608041772;-0.34818716597494953;-0.4089727291338588;4.172424711778755;1.200183955722036;1.5689229177283137;1.2045746537199165;0.0;-0.08687174331891627;0.4512491605949856;-0.03613408946268004;1.6569368935620283;0.7694091752680262;1.7299512360299194
62;4468;0.9323435694490111;0.14728911611226989;0.2788169368291899;1;-0.3556219825695028;0.4002929091657199;2.1398210478915933;-0.274014620197289;-0.007041538402262762;-0.4485906085645952;0.045060252056447446;-0.7933623336181437;0.828030187365072;-0.4089727291338588;0.13093886762083976;-0.6071379079966635;0.755397402975622;-0.19981289019475643;0.0;0.2604251386146945;-0.14500595378319375;-0.03613408946268004;0.2817849232200561;0.41287869192145743;0.6932845350368974
63;4468;-0.37406364089196736;-1.116078091104241;-0.42399346829469586;1;-0.3556219825695028;-0.3924823158161449;-0.01927440793951303;-0.1398708069335036;-0.06408461123373889;-0.025948415557396586;-0.6806780877943333;-0.8855651161312568;1.1136913709732827;-0.16926338173653327;-0.6242723260881061;-0.7319195956921638;0.015191870913865261;-0.11720185819977567;0.0;-0.7042884223120022;-0.450020213113015;-0.03613408946268004;-0.44288346319524774;-0.24076052754725197;-0.41742978745562614
64;4468;0.6057417668637665;0.14728911611226989;0.5479798261684771;1;-0.3556219825695028;1.3063217377164227;1.5082489077505215;-0.3634438290398126;-0.1687754272538598;-0.4485906085645952;-0.6806780877943333;-0.6222467519852961;1.0581725114359575;-0.4089727291338588;-0.6242723260881061;-0.3976437255753321;1.2519387517228706;-0.03459082620479491;0.0;0.4919563932371017;1.1685769416408653;-0.03613408946268004;0.17050771948710264;-0.09220615948618165;0.5266773866630188
65;4468;1.0139940200953224;1.6212175245315326;0.9614178605697492;1;-0.005178960911206383;0.23041250381246314;0.41716082511478253;-0.3634438290398126;-0.5143893391151564;4.773901517141577;0.3104047947722845;-0.6923262158272951;-1.0768584439091544;6.98100213283388;0.839067857203161;-0.4025837630647434;-0.1669564630486933;0.4610753657650897;0.0;0.8778418176077805;0.7949178125856873;-0.03613408946268004;1.052916422772979;-0.12191703309839572;0.9617071629725905
66;4468;-0.4557140915382785;0.14728911611226989;-0.2910904381806167;0;-0.3556219825695028;-0.5623627211694017;-0.3549938179812788;-0.3187292246185508;-0.4580173612581682;-0.4485906085645952;0.4629280062528934;-0.7795000768704177;0.6130771392248564;-0.4089727291338588;0.1495821565031945;-0.6618442490831071;-0.019932623411896826;-0.19981289019475643;0.0;-0.5113457101266629;-0.5677606045513292;-0.03613408946268004;0.5578304777435581;0.056348208574888675;-0.18603097026968377
67;4468;-0.5373645421845896;-0.6949556886987374;-0.684387497915116;1;-0.3556219825695028;-0.5057359193849827;-0.3549938179812788;-0.05044159809098002;-0.2701107684015409;-0.4485906085645952;-0.457904255483577;0.107788593762421;0.4134865735076573;-0.4089727291338588;-0.5294759419405397;-0.3809939695925014;-0.5119634496637608;0.21324226978014738;0.0;0.3376022234888303;-0.7936888651037167;-0.03613408946268004;-0.7817908766696463;-0.0030735386495394515;-0.3341262132686869
68;4468;-0.21076273959934505;0.14728911611226989;-0.4340639556280823;1;-0.3556219825695028;-0.6189895229538206;-0.1850358666476349;-0.3634438290398126;-0.49358539490602976;-0.13015751682104734;0.506882974737832;-0.7761992288698477;0.48541509775797886;-0.23033002156779112;0.07090115766071436;-0.6770302902542604;-0.2259771297436214;-0.5302570181746795;0.0;-1.1673509315568165;-1.3170782277993167;-0.03613408946268004;1.7092567016329607;0.41287869192145743;-0.8339476583903225
69;4198;-0.5373645421845896;-0.9055168899014892;-0.37213388386358354;1;-0.3556219825695028;-0.4491091176005638;-0.3549938179812788;-0.3634438290398126;-0.5224424788090118;-0.4485906085645952;-0.6806780877943333;-0.9925797363527318;1.3298270805901207;-0.4089727291338588;-0.6242723260881061;-0.7868089011300672;0.16711010730097287;-0.365034954184718;0.0;-0.4341686252525271;-0.1365641898687486;1.1864026040246627;0.48286478259714743;-0.27047140115946605;-0.5932928885169424
70;4198;0.11583906298589958;0.9895339209232772;1.1764604438316537;1;1.7470361473802754;0.8533073234410712;0.7329468951853184;-0.3634438290398126;-0.42177823263581865;0.5299546667513124;2.7052951919200035;0.3668161093366184;-1.6453797515967048;1.1044773520572402;4.840107244124781;1.1145566392389066;-0.6391217966081181;0.7915194937450127;0.0;1.3794928692896626;1.8528041220748417;1.1864026040246627;1.7826606114638213;0.11576995579931681;1.1375702640339067
71;4198;-0.9456167954161454;-1.9583228959152483;-1.3507523298324604;0;-0.3556219825695028;-0.6756163247382395;-0.3549938179812788;-0.3634438290398126;-0.5224424788090118;-0.4485906085645952;-0.6806780877943333;-0.9925797363527318;-2.209983925663601;-0.4089727291338588;-0.6242723260881061;-0.7868089011300672;-1.2038008256047958;-1.0259232101445641;0.0;-1.2445280164309522;-1.3192997446189076;-1.2586707829500228;-1.3373960026766385;-1.0726649886892459;-1.268977434699894
72;4198;-0.7823158941235231;-1.3266392923069927;-1.1587280033325822;0;-0.3556219825695028;-0.6756163247382395;-0.3549938179812788;-0.3187292246185508;-0.3945988861690565;-0.4485906085645952;-0.6806780877943333;-0.9925797363527318;1.3298270805901207;-0.4089727291338588;-0.6242723260881061;-0.7868089011300672;-0.934800941465148;-1.0259232101445641;0.0;-1.1287623891197487;-1.1138094388067556;-1.2586707829500228;-1.3373960026766385;-1.0429541150770316;-1.1671619551380796
73;4198;0.36079041492483305;0.9895339209232772;0.8112511378841505;1;-0.005178960911206383;0.5135465127345578;-0.33715872432281;-0.3634438290398126;-0.5180803614748402;-0.4485906085645952;-0.3611684056057726;0.07411141917045595;0.39078282394160585;-0.4089727291338588;-0.18315315185476366;0.48955041465264654;1.0214222616395905;0.3784643337701089;0.0;0.7620761902965768;1.6097701820116046;1.1864026040246627;-0.01573517939226154;-0.12191703309839572;0.5359333393504565
74;4198;-0.1291122889530339;0.3578503173150217;0.5844253993750184;0;0.6957070824053864;0.9665609270099091;-0.05704284156921168;-0.3634438290398126;-0.5224424788090118;0.386806224538978;-0.11429814360269756;2.2518505949640684;-1.5997148940452035;0.5803979803710722;0.07564097686809268;2.6880500617921372;-0.7364339202319508;0.29585330177512814;0.0;-0.00969465844478053;-0.15566923451722975;-0.03613408946268004;0.4043850704907487;0.08605908218710275;0.8506357307233382
75;4198;0.03418861233958842;0.14728911611226989;1.2444191066528736;1;3.499251255671757;1.6460825484229362;1.0329961179101466;0.4861336549641615;0.18589826676302415;-0.4485906085645952;0.5432511696897985;0.43592968153463824;-0.31785486528421764;-0.4089727291338588;1.404054306722657;1.264953336138762;0.739466621396178;-0.19981289019475643;0.0;0.6463105629853733;1.8983452168764539;-1.2586707829500228;0.38134873708638284;0.680276554431384;0.887659541473089
76;4198;-0.2924131902456562;0.5684115185177735;-0.69103264942082;1;-0.3556219825695028;-0.6189895229538206;-0.3549938179812788;-0.3634438290398126;-0.5170737190131082;0.5887226471818693;-0.19388965335912672;-0.6648567377208073;0.5130607208328847;0.009835047022304984;-0.41919614838220404;-0.6671502152754378;-0.4928657054811743;-0.9433121781495833;0.0;-0.3184029979413235;-0.7485920736660229;-1.2586707829500228;-0.3148170673201294;-0.5378692636693926;-0.6303166992666932
77;4198;-0.9456167954161454;-1.9583228959152483;-1.3507523298324604;0;-0.3556219825695028;-0.6756163247382395;-0.3549938179812788;-0.3634438290398126;-0.5224424788090118;-0.4485906085645952;-0.6806780877943333;-0.9925797363527318;-2.209983925663601;-0.4089727291338588;-0.6242723260881061;-0.7868089011300672;-1.2038008256047958;-1.0259232101445641;0.0;-1.2445280164309522;-1.3192997446189076;-1.2586707829500228;-1.3373960026766385;-1.0726649886892459;-1.268977434699894
78;4198;-0.4557140915382785;-0.06327208509048192;-0.14969257521388502;1;-0.3556219825695028;-0.3924823158161449;-0.3549938179812788;-0.3634438290398126;-0.44358881930667715;-0.25019172240583226;2.4706602981254586;-0.309139230701992;-0.7804914594334408;-0.26314194744727293;1.7927194817276793;-0.33250841645568674;-0.524343394385136;-0.7780901141596218;0.0;-0.4341686252525271;-0.4422449042444471;-1.2586707829500228;1.0618966883373928;-0.18133878032282383;-0.40817383476818847
79;4198;0.19748951363221073;0.14728911611226989;0.5746289389078466;1;1.0461501040636827;0.17378570202804425;0.721931102043323;-0.3634438290398126;-0.4566751713091923;-0.4485906085645952;-0.6806780877943333;-0.9925797363527318;1.3298270805901207;-0.4089727291338588;-0.6242723260881061;-0.7868089011300672;1.4933956580715522;0.04802020579018586;0.0;0.3761907659258981;0.9833024388869899;-0.03613408946268004;1.2426733386123312;0.026637334962674612;0.026855941541383245
80;4198;-0.7823158941235231;-1.3266392923069927;-1.2137388967251623;1;-0.3556219825695028;-0.6756163247382395;-0.3549938179812788;-0.3634438290398126;-0.5224424788090118;-0.4485906085645952;-0.6806780877943333;-0.22047638281851664;0.7634573195895251;-0.4089727291338588;-0.6242723260881061;-0.7282603086629702;-1.042573638535724;-1.0259232101445641;0.0;-1.0129967618085451;-0.9856279183163646;-1.2586707829500228;-1.3373960026766385;-1.0726649886892459;-1.1671619551380796
81;4198;-0.37406364089196736;-0.2738332862932337;-0.4117307660315927;1;-0.3556219825695028;-0.6189895229538206;-0.3334867932754782;-0.3634438290398126;-0.5224424788090118;-0.21068781601990777;-0.5036188000029533;-0.623623947911349;0.8949367534223334;-0.27225637130268454;-0.5181003758428316;-0.5950622608003246;-0.04997078385988462;-0.5302570181746795;0.0;0.0674824264293552;-0.41358733727172536;-0.03613408946268004;0.892052535271306;-0.32989314838389416;-0.2508226390817476
82;4198;-0.7006654434772119;-0.9055168899014892;-1.111526875627118;0;-0.3556219825695028;-0.6189895229538206;-0.22752535448104588;-0.3634438290398126;-0.5157315290641323;-0.4485906085645952;-0.6806780877943333;0.18619345986538724;0.4651481611682548;-0.4089727291338588;-0.6242723260881061;-0.6307403093349618;-0.9505397859171288;-0.5302570181746795;0.0;-0.8200540496232057;-1.165570780703222;-1.2586707829500228;-1.139830160259535;-1.0429541150770316;-0.9079952798898241
83;4198;-0.9456167954161454;-1.3266392923069927;-0.8775764385964063;0;-0.3556219825695028;-0.4491091176005638;-0.3549938179812788;-0.3634438290398126;-0.5224424788090118;0.7348571371777541;-0.6806780877943333;-0.9925797363527318;0.9444299661344522;-0.06627039217038201;-0.6242723260881061;-0.7868089011300672;-0.613114315836857;-1.0259232101445641;0.0;-0.4341686252525271;-0.6926098498123339;-1.2586707829500228;-0.41750445181755663;-0.7755562525671051;-0.7228762261410702
84;4198;0.6873922175100776;1.4106563233287808;2.423282685108067;1;4.20013729898835;3.2316329983866656;1.167283881926853;0.6649920726492087;0.6677444584453756;-0.20451879267163126;-0.07204689514975693;0.18821001527591816;0.08591346121564145;0.15475438632334967;0.8425437246219052;1.6795505565463922;2.2252519250886604;0.04802020579018586;0.0;1.4566699541637984;2.2584530933321276;-0.03613408946268004;0.8405136198581487;1.3636266475123076;2.044653627402801
85;4198;-0.37406364089196736;-0.06327208509048192;0.4565233595693556;1;-0.005178960911206383;-0.10934830689405034;0.0893098387458706;-0.3634438290398126;-0.5013029871126413;-0.4485906085645952;0.2863771503781984;0.6357853869372391;-0.33857101097025766;-0.4089727291338588;0.4917971032759093;0.8419397555639864;0.1346727327596953;0.3784643337701089;0.0;0.5691334781112375;2.1313823312515323;-0.03613408946268004;-0.786476232616297;-0.15162790671060977;-0.18603097026968377
86;4198;-0.8639663447698342;-0.48439448749598557;-0.8356503280655732;1;-0.3556219825695028;-0.6756163247382395;-0.3549938179812788;-0.3634438290398126;-0.5224424788090118;-0.4485906085645952;-0.6806780877943333;-0.6075035880445849;1.0473577905837923;-0.4089727291338588;-0.6242723260881061;-0.6770302902542604;-0.539794333145922;-0.5302570181746795;0.0;-1.2059394739938845;-1.2890871158724724;1.1864026040246627;0.7550058738317739;-0.2110496539350379;-1.0468345702013895
87;4198;-0.9456167954161454;-1.3266392923069927;-1.0895362196133966;0;-0.3556219825695028;-0.6756163247382395;-0.3549938179812788;-0.3634438290398126;-0.5224424788090118;0.4066240812003548;-0.6806780877943333;-0.9925797363527318;1.0513211010390233;-0.27225637130268454;-0.6242723260881061;-0.7868089011300672;-0.8666632612157189;-1.0259232101445641;0.0;-0.12546028575598414;-0.6559548222890852;-1.2586707829500228;-1.3373960026766385;-1.0726649886892459;-0.8432036110777602
88;4198;1.1772949213879444;1.8317787257342844;0.6295028188673195;1;-0.3556219825695028;-0.6189895229538206;-0.3549938179812788;-0.05044159809098002;-0.023483365277217647;-0.33577895789153;-0.29136294259669765;-0.7788930685164528;0.9455495269400772;-0.27225637130268454;-0.13196310441507778;-0.5526145312616794;1.2691171246308255;0.21324226978014738;0.0;0.22183659617762666;0.3024075336823998;1.1864026040246627;1.1169496207105383;-0.06249528587396758;0.3878380963514534
89;4198;-0.7006654434772119;-0.6949556886987374;-0.8683280318616637;0;-0.3556219825695028;-0.5057359193849827;-0.3549938179812788;-0.3634438290398126;-0.4570107187964363;-0.4485906085645952;-0.6806780877943333;-0.04622684332496549;0.6356380715760495;-0.4089727291338588;-0.6242723260881061;-0.5341351317642519;-0.6605227863202627;-1.0259232101445641;0.0;-0.6271113374378664;-1.0102867550138228;-1.2586707829500228;-0.7064347351943481;-1.0429541150770316;-0.22305478101943454
90;4198;-0.7006654434772119;-0.9055168899014892;-1.053159153123409;1;-0.005178960911206383;-0.16597510867846926;-0.3549938179812788;-0.3634438290398126;-0.5224424788090118;-0.4485906085645952;-0.6806780877943333;2.5411172681432594;-1.2622859036675307;-0.4089727291338588;-0.6242723260881061;-0.20479929913683148;-1.0921893859849563;-0.44764598617969875;0.0;-0.8200540496232057;-1.2131112406424658;1.1864026040246627;-0.7868666789451846;-0.12191703309839572;-0.5747809831420669
91;4198;0.11583906298589958;1.200095122126029;1.5620847513121443;0;4.20013729898835;0.5701733145189767;1.6525033417528425;1.0674235124405649;0.27112732852299437;0.3909482624202413;1.266301104453288;1.4199595099362046;-1.6674276945368716;1.0876156679247286;2.99726553629609;3.102464317848308;-0.5783736957660214;1.039352589729955;0.0;1.0321959873560518;0.9522012034127182;-0.03613408946268004;1.0989890895817107;1.3636266475123076;0.8506357307233382
92;4198;-0.7823158941235231;-0.06327208509048192;-0.5294938117873155;0;-0.3556219825695028;-0.27922871224730705;-0.3549938179812788;-0.3634438290398126;-0.3979543610414963;-0.4485906085645952;-0.4836523991019109;0.031078726151468547;0.482374828420739;-0.4089727291338588;-0.5209442673672586;-0.32153055536810604;-0.3287594615001547;-0.9433121781495833;0.0;-0.3955800828154592;0.023162869459832234;-1.2586707829500228;-1.1730180982149774;-1.0726649886892459;-0.2785904971440607
93;4198;0.03418861233958842;-0.48439448749598557;-0.3554867517410468;0;-0.3556219825695028;0.4002929091657199;-0.12785865462489665;-0.3634438290398126;-0.5170737190131082;-0.4485906085645952;-0.27597136715449044;0.5107843633359485;0.028712628620395968;-0.4089727291338588;-0.3670581371010425;0.04128775357643543;-0.3220416620389434;-1.0259232101445641;0.0;0.0674824264293552;0.33950686456956675;-1.2586707829500228;0.0689916739763381;-0.7458453789548911;-0.037935727270680626
94;4198;-0.8639663447698342;-0.9055168899014892;-1.1809926862125182;0;-0.3556219825695028;-0.6756163247382395;-0.3549938179812788;-0.3634438290398126;-0.5224424788090118;-0.4485906085645952;-0.024830305943541867;2.068725934924418;-1.237178721542941;-0.4089727291338588;-0.5531750379774313;-0.4991889406354534;-1.138446233703583;-0.44764598617969875;0.0;-1.1673509315568165;-1.2475447513461237;-1.2586707829500228;-1.254230934623589;-1.0132432414648176;-1.0746024282637026
95;4198;-0.8639663447698342;-1.5372004935097447;-0.8332525929861954;0;-0.3556219825695028;-0.6756163247382395;-0.3549938179812788;-0.3634438290398126;-0.5224424788090118;-0.4485906085645952;-0.6806780877943333;1.4004398251117733;-0.42555179568663004;-0.4089727291338588;-0.6242723260881061;-0.10142444056211342;-0.8383525349148997;-0.44764598617969875;0.0;-0.5113457101266629;-0.6139681543988185;-1.2586707829500228;-0.8141979219673134;-0.6567127581182489;-0.9265071852646994
96;4198;-0.2924131902456562;-0.06327208509048192;-0.6909641427042663;0;-0.3556219825695028;-0.6189895229538206;-0.3549938179812788;-0.3634438290398126;-0.48217678033973455;-0.4485906085645952;-0.11294221440445981;0.22047071318371908;0.16177398275303284;-0.4089727291338588;-0.38506945008908017;-0.3438522062461868;-0.5845156838448431;-0.695479082164641;0.0;-0.00969465844478053;-0.18188313298840159;-1.2586707829500228;-0.8520712158694064;-0.8052671261793192;-0.7043643207661947
97;4198;-0.4557140915382785;0.9895339209232772;-0.3740520719270857;0;-0.3556219825695028;0.06053209845920641;-0.1976253445242011;-0.3634438290398126;-0.5207647413727919;-0.4485906085645952;0.8949513241060209;1.2349278800801193;-1.0763108493057307;-0.4089727291338588;0.3584501895749992;0.4172794958260737;-0.7656083636063542;-0.5302570181746795;0.0;-0.2798144555042556;-0.15655784124506608;-0.03613408946268004;-0.16527612335619546;-0.35960402199610825;-0.0009119165209298417
98;4198;-0.4557140915382785;0.14728911611226989;-0.20840283130036227;1;-0.005178960911206383;0.343666107381301;-0.3549938179812788;-0.3634438290398126;-0.4798279479290267;0.775603959281862;-0.6806780877943333;-0.784505405757312;0.7785293782185335;0.44687167088929197;-0.6242723260881061;-0.6552575324305587;0.14724461460853364;-0.8607011461546026;0.0;-0.5113457101266629;-0.14145152687184842;-0.03613408946268004;0.15723254430492575;0.056348208574888675;-0.037935727270680626
99;4198;-0.6190149928309008;-0.06327208509048192;-0.07399265342210279;1;0.34526406074709;-0.10934830689405034;-0.11946566937385251;-0.3634438290398126;-0.4774791155183189;-0.4485906085645952;-0.6806780877943333;0.10993678796908349;0.5210855856580141;-0.4089727291338588;-0.6242723260881061;-0.007746692614758272;0.17613115229174237;-0.19981289019475643;0.0;-0.2798144555042556;0.447028278637763;-0.03613408946268004;0.2790517989178432;-0.27047140115946605;-0.40817383476818847
100;4198;-0.6190149928309008;-1.3266392923069927;-1.0471305620666878;0;-0.3556219825695028;-0.4491091176005638;0.0803922919166362;-0.3634438290398126;-0.5177448139875962;-0.4485906085645952;-0.6806780877943333;3.502065235688529;-1.9671810038136073;-0.4089727291338588;-0.6242723260881061;-0.031532058304516414;-1.1746263822303924;-0.5302570181746795;0.0;-1.090173846682681;-1.0953708492041518;-1.2586707829500228;-1.3112360986411722;-1.0726649886892459;-0.787667894953134
101;4198;-0.9456167954161454;-1.3266392923069927;-1.0806303464614222;0;-0.3556219825695028;-0.6189895229538206;-0.3549938179812788;-0.3634438290398126;-0.5224424788090118;0.45010273957295205;-0.6806780877943333;2.042571667321632;-1.1892471495533963;-0.26040762029064946;-0.6242723260881061;-0.3330573095100658;-1.0946845686419777;-1.0259232101445641;0.0;-1.2059394739938845;-1.3166339244353986;-1.2586707829500228;-1.2101104994592953;-1.0132432414648176;-1.1393940970757666
102;4198;-0.9456167954161454;-1.9583228959152483;-1.3507523298324604;0;-0.3556219825695028;-0.6756163247382395;-0.3549938179812788;-0.3634438290398126;-0.5224424788090118;-0.4485906085645952;-0.6806780877943333;-0.9925797363527318;-2.209983925663601;-0.4089727291338588;-0.6242723260881061;-0.7868089011300672;-1.2038008256047958;-1.0259232101445641;0.0;-1.2445280164309522;-1.3192997446189076;-1.2586707829500228;-1.3373960026766385;-1.0726649886892459;-1.268977434699894
103;4198;-0.6190149928309008;-1.116078091104241;-1.1295441420807277;0;-0.3556219825695028;-0.5057359193849827;0.21572917908972303;-0.3634438290398126;-0.5224424788090118;-0.4485906085645952;-0.6806780877943333;-0.9925797363527318;1.3298270805901207;-0.4089727291338588;-0.6242723260881061;-0.7868089011300672;-0.8939183333154905;-0.19981289019475643;0.0;-1.2445280164309522;-1.3192997446189076;-1.2586707829500228;-1.3373960026766385;-0.9538214942403895;-0.9635309960144502
104;4198;-0.1291122889530339;-0.2738332862932337;-0.4450250302766661;1;-0.3556219825695028;-0.6756163247382395;-0.3549938179812788;-0.3634438290398126;-0.5224424788090118;-0.4485906085645952;2.929491217875704;0.1243158569221437;-1.2586982060979843;-0.4089727291338588;1.4637760287356238;-0.22693798566345252;-0.8628245186664553;-0.6128680501696603;0.0;-0.6656998798749343;-0.03370796112169307;-1.2586707829500228;0.1708981658159902;-0.686423631730463;-0.787667894953134
105;4198;-0.7823158941235231;-0.06327208509048192;-0.784544317516551;0;-0.3556219825695028;-0.5623627211694017;-0.35079732535575675;-0.3634438290398126;-0.5224424788090118;-0.4485906085645952;2.2496249504839354;-0.8039912724548584;-0.24456435981131902;-0.4089727291338588;0.435235260734528;-0.7277114156085912;-0.7634010866405276;-0.695479082164641;0.0;-0.6271113374378664;-0.6484016651024763;-0.03613408946268004;-0.6541149271234156;-0.2110496539350379;-0.7136202734536324
106;4198;-0.37406364089196736;-0.9055168899014892;-1.0489802434136364;0;-0.3556219825695028;-0.6756163247382395;-0.3549938179812788;-0.3634438290398126;-0.4841900652631984;1.631596327365751;-0.6806780877943333;-0.6310671014497541;0.3872167935552283;-0.02479976362825916;-0.6242723260881061;-0.7264306651483735;-0.8936304276242958;-0.9433121781495833;0.0;-0.9744082193714773;-0.8521147574589556;-1.2586707829500228;-1.3373960026766385;-1.0726649886892459;-1.065346475576265
107;4198;-0.37406364089196736;-1.116078091104241;-1.0955648106701177;0;-0.3556219825695028;-0.6756163247382395;-0.3549938179812788;-0.3634438290398126;-0.5224424788090118;-0.4485906085645952;1.0179553497697065;-0.9925797363527318;0.49737756693081175;-0.4089727291338588;-0.3474668843772121;-0.7868089011300672;-0.9303863875334949;-0.44764598617969875;0.0;-1.2445280164309522;-1.3192997446189076;1.1864026040246627;-0.8801833515493104;-0.27047140115946605;-0.9820429013893256
108;4198;-0.9456167954161454;-1.116078091104241;-1.1696205712646124;0;-0.3556219825695028;-0.6189895229538206;-0.3549938179812788;-0.3634438290398126;-0.5224424788090118;-0.4485906085645952;0.13888359386859625;-0.33918289173787086;0.4488907543460703;-0.4089727291338588;-0.5294759419405397;-0.7213076633075025;-1.0132072580338574;-1.0259232101445641;0.0;-1.1287623891197487;-1.0113975134236184;-1.2586707829500228;-1.3373960026766385;-1.0726649886892459;-1.1856738605129549
109;4198;-0.2924131902456562;-0.06327208509048192;-0.9062122461158316;0;-0.3556219825695028;-0.6756163247382395;-0.3549938179812788;-0.3634438290398126;-0.5160670765513763;-0.4485906085645952;-0.6806780877943333;0.7342117423110363;0.0631540729001941;-0.4089727291338588;-0.6242723260881061;-0.3619656770406949;-0.8038998205352588;-0.5302570181746795;0.0;-0.3569915403783913;-0.7159357764180376;-1.2586707829500228;-1.3311488614144376;-1.0726649886892459;-0.7321321788285078
110;4198;-0.7823158941235231;-0.9055168899014892;-1.1081700465159892;0;-0.3556219825695028;-0.6756163247382395;-0.3549938179812788;-0.3634438290398126;-0.5224424788090118;3.425360463354668;-0.6806780877943333;-0.07950919321580885;-0.6015241936993985;0.16614741614261422;-0.6242723260881061;-0.6642227856520829;-1.049387406560667;-1.0259232101445641;0.0;-0.8200540496232057;-0.6863896027174795;-1.2586707829500228;-1.3373960026766385;-1.0726649886892459;-1.120882191700891
111;4198;-0.5373645421845896;0.5684115185177735;0.07905135135874923;0;-0.3556219825695028;-0.3924823158161449;-0.3549938179812788;0.9332796991767794;0.6637178885984478;-0.4485906085645952;-0.5768535889789587;0.65041965052558;0.07373775382779207;-0.4089727291338588;-0.5294759419405397;0.5133357803424047;0.08841588504106873;0.708908461750032;0.0;0.414779308362966;0.11668872756460627;-0.03613408946268004;0.12170192837615815;1.0962287850023809;0.05462379960369634
112;4198;-0.1291122889530339;-0.06327208509048192;0.1761938754318236;1;-0.3556219825695028;-0.3924823158161449;-0.2521797486559881;-0.3634438290398126;-0.4848611602376864;-0.28521962782892124;-0.6806780877943333;-0.666092493963785;1.037132402246625;-0.2563061295557142;-0.6242723260881061;-0.5108986591288728;0.7583724284513013;0.04802020579018586;0.0;-0.3569915403783913;0.3559460890345389;-0.03613408946268004;0.06079230106969943;0.056348208574888675;-0.3526381186435623
113;4198;-0.7823158941235231;-0.06327208509048192;-0.6118388850848017;0;-0.3556219825695028;-0.6189895229538206;-0.3549938179812788;-0.3634438290398126;-0.5127116016789365;-0.13819826171701746;-0.233337931607138;-0.7545634500356772;0.8349230383294567;-0.2686106017605199;-0.4131923773861915;-0.6894718661535185;-0.3134044913031003;-1.0259232101445641;0.0;-0.2798144555042556;-0.34938550118555034;-0.03613408946268004;-0.34175786401337077;-0.12191703309839572;-0.7043643207661947
114;4198;-0.2924131902456562;0.9895339209232772;0.8215271453671978;0;2.7983652123551646;1.136441332363166;0.12025897185909588;0.9332796991767794;0.5271500612901491;2.254028064282337;-0.3781697361587652;-0.9280531384907855;0.2541192731735408;3.1839331546694005;-0.20464033226154538;-0.7092320161111637;0.9145132816425988;-0.03459082620479491;0.0;0.9164303600448482;1.0883801844536363;-0.03613408946268004;1.0650202589684934;1.571602762797806;1.1745940747836576
115;4198;-0.37406364089196736;0.7789727197205254;0.8132378326642064;1;-0.3556219825695028;0.6268001163033956;-0.3549938179812788;-0.05044159809098002;0.018795618115523487;0.5500195608737912;-0.6120785885984383;0.5247153035026174;-0.14199379432759643;0.9135301722863668;-0.5294759419405397;1.0303930375674548;0.5672030494979732;-0.11720185819977567;0.0;1.8039668360974093;1.3754001575447719;1.1864026040246627;0.5004348673970874;0.680276554431384;1.248641696283159
116;4198;-0.04746183830672274;0.14728911611226989;0.4944075738235235;1;-0.3556219825695028;-0.6756163247382395;-0.3549938179812788;-0.3187292246185508;-0.4667415959265116;0.06555871881796055;-0.6806780877943333;1.3698977134534362;-0.5705838171943907;0.17161607045586116;-0.6242723260881061;1.6257590372172468;-0.0066889616169373495;0.29585330177512814;0.0;0.6077220205483054;1.3400780401132775;1.1864026040246627;0.9951303660976208;0.4425895655336715;-0.11198334877018219
117;4198;-0.9456167954161454;-1.7477616947124965;-1.3507523298324604;0;-0.3556219825695028;-0.6756163247382395;-0.3549938179812788;-0.3634438290398126;-0.5224424788090118;-0.4485906085645952;-0.6806780877943333;-0.9925797363527318;-2.209983925663601;-0.4089727291338588;-0.6242723260881061;-0.7868089011300672;-1.2038008256047958;-1.0259232101445641;0.0;-1.2445280164309522;-1.3192997446189076;-1.2586707829500228;-1.3373960026766385;-1.0726649886892459;-1.2597214820124565
118;4198;1.1772949213879444;1.6212175245315326;1.119599869092125;1;-0.005178960911206383;0.6834269180878145;-0.15828322615993168;-0.3634438290398126;-0.1422671757615856;0.2793771035047034;-0.13664428612895277;0.7762884893423674;-0.4713928898087;0.6915939514070939;0.2339509383945286;1.6316138964639564;0.4958984066454016;1.039352589729955;0.0;1.6496126663491377;2.0685134052571117;-0.03613408946268004;-0.020420535338912214;0.2643243238603871;2.0261417220279254
119;4916;2.2387507797899895;2.8845847317480438;2.187825100313175;1;2.4479221906968682;2.891872187680152;0.5393836728331128;1.4251403478106592;1.073756918010588;-0.4485906085645952;-0.5096557843545665;-0.09869592294596646;0.5903133934020598;-0.4089727291338588;-0.23781906671319364;0.9637940136361319;2.717666625595451;1.039352589729955;0.0;1.5338470390379342;2.4452826578597167;1.1864026040246627;1.5062246106114316;1.7201571308588763;2.3315881607133697
120;4916;1.4222462733268781;1.200095122126029;1.6182602588861366;1;1.0461501040636827;0.9665609270099091;0.4580766282136227;1.022708908019303;2.46091023027719;1.0923752792538055;0.050978814170895476;-0.3680372192449036;0.011310984970061742;2.39097827924859;0.7629147619379494;0.23943814620726672;1.4061602336395365;1.9480739416747432;0.0;2.730091854587038;1.122591543475335;1.1864026040246627;0.6862873199475641;1.1556505322268091;1.6836714725927309
121;4916;-0.7823158941235231;-0.48439448749598557;-0.46804328703869225;0;-0.005178960911206383;-0.6189895229538206;-0.3549938179812788;-0.09515620251224181;-0.010061465787458557;-0.4485906085645952;-0.6806780877943333;-0.8802247667736182;1.2474100609301588;-0.4089727291338588;-0.6242723260881061;-0.7319195956921638;0.003963548957269185;-0.8607011461546026;0.0;0.14465951130349095;0.09847228964396144;-0.03613408946268004;0.03033748741647006;-0.5081583900571786;-0.7228762261410702
122;4916;-0.04746183830672274;0.5684115185177735;-0.4497519937188679;0;-0.3556219825695028;-0.6189895229538206;-0.3549938179812788;-0.3634438290398126;-0.5224424788090118;-0.4485906085645952;2.4827103512430027;0.7876844211735449;-1.5263525410283103;-0.4089727291338588;1.1958182495451692;0.10093413215229047;-0.9600406737265563;-0.695479082164641;0.0;-0.5885227950007985;-0.39292723084953063;1.1864026040246627;0.26187216044679074;0.4425895655336715;-0.6210607465792555
123;4916;1.1772949213879444;-0.48439448749598557;-0.24080650823023828;0;-0.3556219825695028;0.343666107381301;0.547776658084157;-0.3187292246185508;-0.44895757910258083;3.447945298279156;-0.6806780877943333;-0.9925797363527318;0.06089594250384047;2.2378559584776747;-0.6242723260881061;-0.7868089011300672;-0.20630357417864537;-0.03459082620479491;0.0;-0.4341686252525271;-0.47334613971871875;1.1864026040246627;0.507853347645951;0.056348208574888675;0.1379273737906356
124;4916;-0.4557140915382785;0.7789727197205254;-0.15256985730913827;1;-0.3556219825695028;-0.5057359193849827;-0.18451130506944463;-0.274014620197289;-0.38486800903898116;-0.1788659627017799;-0.06946344849663737;-0.5050487785980768;0.5848274049240008;-0.21118973147142672;-0.15661016429344507;-0.4635108921008162;0.12142907096473583;1.039352589729955;0.0;0.028893883992287338;-0.1496711391043345;1.1864026040246627;0.4344494378150905;0.32374607108481523;-0.1212393014576199
125;4916;0.11583906298589958;-0.6949556886987374;-0.9567702029324247;0;-0.3556219825695028;-0.6756163247382395;-0.3549938179812788;-0.3634438290398126;-0.5224424788090118;-0.4485906085645952;0.5476583260183309;3.0124295097152025;-2.209983925663601;-0.4089727291338588;-0.3152361137670395;0.0864799483869759;-1.2038008256047958;-0.365034954184718;0.0;-1.0129967618085451;-1.0951486975221927;1.1864026040246627;-0.538542813772699;0.32374607108481523;-0.7691559895782586
126;4916;-0.8639663447698342;-1.116078091104241;-1.2685442699680816;0;-0.3556219825695028;-0.6756163247382395;-0.3549938179812788;-0.3634438290398126;-0.5224424788090118;-0.4485906085645952;-0.6806780877943333;0.21383175354447936;0.4448743290266903;-0.4089727291338588;-0.6242723260881061;-0.7319195956921638;-1.1174291182463647;-1.0259232101445641;0.0;-1.2445280164309522;-1.3192997446189076;-1.2586707829500228;-1.3373960026766385;-1.0726649886892459;-1.2319536239501434
127;4916;-0.4557140915382785;-1.116078091104241;-1.2077103056684413;0;-0.3556219825695028;-0.6756163247382395;-0.3549938179812788;-0.3634438290398126;-0.5180803614748402;-0.4485906085645952;-0.6806780877943333;-0.9925797363527318;1.3298270805901207;-0.4089727291338588;-0.6242723260881061;-0.7868089011300672;-1.0034184645332351;-0.7780901141596218;0.0;-1.2445280164309522;-1.3192997446189076;1.1864026040246627;-0.8614419277627078;-0.5081583900571786;-0.9912988540767633
128;4916;3.545157990130968;0.9895339209232772;1.6218226081469262;0;-0.3556219825695028;0.11715890024362532;0.47066610609018894;-0.3187292246185508;-0.45298414894950856;-0.4485906085645952;1.6033842132529337;0.2277611881096089;-0.6846942019566106;-0.4089727291338588;3.7113982968744237;1.2208589274369794;0.5905234104847497;0.8741305257399935;0.0;0.7620761902965768;1.2334452327729175;1.1864026040246627;2.2301121043689607;0.14548082941153087;1.1745940747836576
129;4916;-0.7823158941235231;-0.06327208509048192;-0.8876469259297928;0;-0.3556219825695028;-0.335855514031726;-0.3549938179812788;-0.3634438290398126;-0.5224424788090118;-0.4485906085645952;-0.01393314151879384;1.7807389844485422;-1.0312687507045597;-0.4089727291338588;-0.42709584706116793;-0.07599239570921817;-0.9877755886449859;-0.6128680501696603;0.0;-0.3569915403783913;-0.6868339060813977;-1.2586707829500228;-0.8220068485450646;-0.8646888734037473;-0.5840369358295047
130;4916;-0.1291122889530339;0.3578503173150217;-0.575256298445153;0;-0.3556219825695028;-0.6189895229538206;-0.3549938179812788;-0.3634438290398126;-0.5224424788090118;-0.4485906085645952;0.5839972892048926;-0.6012420180476149;0.4229850368760131;-0.4089727291338588;0.0020157851801494283;-0.6188476264900828;-0.3957455189848048;0.04802020579018586;0.0;-0.7814655071861378;-0.687722512809234;1.1864026040246627;-0.14770603855625544;-0.06249528587396758;-0.5192452670174408
131;4916;-0.8639663447698342;-0.6949556886987374;-1.1815407399449473;0;-0.3556219825695028;-0.6756163247382395;-0.3549938179812788;-0.3634438290398126;-0.5224424788090118;-0.4485906085645952;-0.6806780877943333;-0.9925797363527318;1.3298270805901207;-0.4089727291338588;-0.6242723260881061;-0.7868089011300672;-0.9667584731877676;-1.0259232101445641;0.0;-1.1673509315568165;-1.1766783648011763;-1.2586707829500228;-1.33075841508555;-1.0726649886892459;-1.1764179078255173
132;4916;0.11583906298589958;-0.6949556886987374;-0.6634244426496994;0;-0.3556219825695028;-0.6189895229538206;-0.3549938179812788;-0.3634438290398126;-0.5224424788090118;-0.4485906085645952;1.8203630918508646;0.9270009503193158;-1.3039503712435105;-0.4089727291338588;0.4734698023407131;-0.0565981744544923;-0.9573535539420718;1.369796717709878;0.0;-0.7042884223120022;-0.9376431550132026;1.1864026040246627;-1.0937574934508034;-0.24076052754725197;-0.5562690777671916
133;4916;-0.9456167954161454;-1.9583228959152483;-1.3507523298324604;0;-0.3556219825695028;-0.6756163247382395;-0.3549938179812788;-0.3634438290398126;-0.5224424788090118;-0.4485906085645952;-0.6806780877943333;-0.9925797363527318;-2.209983925663601;-0.4089727291338588;-0.6242723260881061;-0.7868089011300672;-1.2038008256047958;-1.0259232101445641;0.0;-1.2445280164309522;-1.3192997446189076;-1.2586707829500228;-1.3373960026766385;-1.0726649886892459;-1.268977434699894
134;4916;-0.1291122889530339;-0.9055168899014892;-0.06919718326334735;0;-0.3556219825695028;-0.5057359193849827;-0.3549938179812788;0.3519898417003761;0.6083525532031915;-0.4485906085645952;-0.6806780877943333;-0.9151919233922086;1.2730599173208734;-0.4089727291338588;-0.6242723260881061;-0.7319195956921638;0.5626925270025884;-0.365034954184718;0.0;0.0674824264293552;0.10913557037799744;1.1864026040246627;-0.07274034340984471;0.2940351974726012;-0.3156143078938115
135;4916;0.6057417668637665;0.9895339209232772;-0.08591282210243772;1;-0.3556219825695028;0.5135465127345578;0.03737824250503495;-0.3634438290398126;-0.41439618791645116;2.5510043976073433;-0.39391480143718005;-0.16064391276117665;-0.3978031499521982;1.9129267480322505;-0.39265316082088547;-0.20443337043391213;-0.29670596121380355;3.187239421599455;0.0;0.7620761902965768;0.035159060285622726;1.1864026040246627;-0.5049644294883692;-0.12191703309839572;1.1190583586590315
136;4916;-0.7006654434772119;0.14728911611226989;-0.623690547048583;0;-0.3556219825695028;-0.5623627211694017;-0.3549938179812788;-0.3634438290398126;-0.42177823263581865;-0.4485906085645952;-0.4765019784673456;0.34375998847587;0.24950597908153052;-0.4089727291338588;-0.5294759419405397;-0.24907667219007357;-0.49612863664804835;-0.6128680501696603;0.0;-0.7814655071861378;-0.7168243831458739;-0.03613408946268004;-0.08913908922312205;-0.686423631730463;-0.8246917057028847
137;4916;0.03418861233958842;0.5684115185177735;-0.3334275890107718;1;-0.3556219825695028;0.11715890024362532;-0.3035867833186335;-0.3634438290398126;-0.49257875244429783;-0.19606039826767876;-0.12082933764562354;-0.2324998754298009;0.4156738687459646;-0.2517489176280084;-0.26057019890860955;-0.3588552830658804;-0.14670709610132773;3.104628389604474;0.0;-0.4727571676895949;-0.7554787758067544;1.1864026040246627;0.07289613726521366;0.23461345024817307;0.3415583329142649
138;4916;-0.9456167954161454;-1.3266392923069927;-1.2238778907751025;0;-0.3556219825695028;-0.6756163247382395;-0.3549938179812788;-0.3634438290398126;-0.5224424788090118;-0.4485906085645952;1.7335122447831877;-0.2108876264453293;-0.426699005956025;-0.4089727291338588;-0.4286757867969607;-0.7319195956921638;-1.1142621556432222;-1.0259232101445641;0.0;-1.2445280164309522;-1.3192997446189076;-1.2586707829500228;-1.2140149627481707;-1.0726649886892459;-1.1949298132003927
139;4916;1.6671976252658116;1.6212175245315326;0.8163891416256741;1;-0.3556219825695028;-0.10934830689405034;0.9789662753565499;-0.3634438290398126;-0.387216841449689;-0.06031059051264362;3.636632802634133;-0.9172219230523829;-0.96768191498386;0.10599221869689754;5.350427778785846;-0.6964245115089863;-0.13835783105667937;0.4610753657650897;0.0;0.4533678508000339;0.9066601086111061;1.1864026040246627;1.3824531243540763;0.32374607108481523;0.6099809608499581
140;4916;1.7488480759121228;-0.9055168899014892;-0.5871079604089343;0;-0.3556219825695028;-0.3924823158161449;-0.15828322615993168;-0.3634438290398126;-0.5167381715258642;1.019955791544582;-0.26920866648616776;-0.1029500193981015;-0.0026432685995810244;0.27734338717863594;-0.4236199796424238;-0.4108171588804289;-0.5367233391065112;1.5350187816998395;0.0;-0.5499342525637306;-0.5117783806976401;-1.2586707829500228;-1.1339734653262217;-1.0132432414648176;-0.037935727270680626
141;4916;-0.9456167954161454;-1.116078091104241;-1.0060950388510521;0;-0.3556219825695028;-0.6189895229538206;-0.3549938179812788;-0.3634438290398126;-0.5177448139875962;-0.4485906085645952;-0.24996429813599438;1.1032335069839785;-0.41861862627488455;-0.4089727291338588;-0.5294759419405397;-0.38703179319067077;-0.9594648623441668;-1.0259232101445641;0.0;-0.08687174331891627;-0.5008929482816451;-1.2586707829500228;-1.2971800308012202;-1.0726649886892459;-0.8987393272023864
142;4916;-0.1291122889530339;-0.2738332862932337;0.3248534503532421;1;-0.3556219825695028;-0.335855514031726;0.7025223236502834;-0.3634438290398126;-0.5224424788090118;-0.4485906085645952;-0.1497046084167059;0.7548648121250584;-0.21221005535721713;-0.4089727291338588;-0.05612599709702465;0.8337063597483009;0.12094922814607788;2.1959070376596856;0.0;0.14465951130349095;0.6067553379663438;1.1864026040246627;0.31106839788662277;0.3534569446970293;0.10090356304088481
143;4916;0.5240913162174553;0.3578503173150217;0.510712172363292;1;-0.3556219825695028;-0.22260191046288816;-0.3549938179812788;0.03898761075154357;0.5717778770935981;-0.4485906085645952;-0.6009297796283658;-0.2539568303016472;0.7489343493641848;-0.4089727291338588;-0.5294759419405397;-0.025860163409266394;0.9759331624308167;0.5436863977600704;0.0;0.5305449356741696;0.7156096621262946;1.1864026040246627;0.2239988665446978;0.3534569446970293;0.5451892920378942
144;4916;-0.9456167954161454;-1.7477616947124965;-1.2727916863944078;0;-0.3556219825695028;-0.6756163247382395;-0.3549938179812788;-0.3187292246185508;-0.4150672828909391;-0.4485906085645952;-0.6806780877943333;-0.9925797363527318;1.3298270805901207;-0.4089727291338588;-0.6242723260881061;-0.7868089011300672;-1.094588600078246;-1.0259232101445641;0.0;-1.2445280164309522;-1.3192997446189076;-1.2586707829500228;-1.1351448043128844;-1.0429541150770316;-1.2319536239501434
145;4916;-0.7006654434772119;0.14728911611226989;0.31820829884753815;0;-0.005178960911206383;0.6268001163033956;0.0803922919166362;1.290996534546874;2.1022099664133784;-0.1014644314811399;-0.6806780877943333;-0.5867120511453984;0.9190625406444943;-0.05442164115834691;-0.6242723260881061;-0.41191494498918696;0.8628821943550032;-0.9433121781495833;0.0;0.4533678508000339;0.3132929660983949;-0.03613408946268004;-0.5486944183237754;0.3534569446970293;0.48039762322583035
146;4916;-0.4557140915382785;0.14728911611226989;-0.12605775800287608;0;-0.005178960911206383;-0.3924823158161449;0.6175433479834614;-0.1845854113547654;-0.25098456162863425;-0.4485906085645952;-0.2499686319781596;0.10551993213002327;0.31324769215318715;-0.4089727291338588;-0.2874291744170867;-0.04250991939209709;0.01912658202686047;-0.7780901141596218;0.0;0.1832480537405588;-0.8121274547063206;1.1864026040246627;0.5937515400012133;0.23461345024817307;-0.3433821659561246
147;4916;1.0139940200953224;2.6740235305452917;3.5282960231184264;1;-0.005178960911206383;0.343666107381301;0.28497130741083726;8.355904033106238;6.02375344983374;-0.4021933493854413;-0.49153141805822564;0.09403756332841758;0.4249436320048281;-0.2704334865316022;-0.03495480463740148;2.1473904032287887;3.8838766120617376;1.4524077497048586;0.0;0.993607444918984;1.4711475324691365;1.1864026040246627;0.9256309195556358;6.176788172690986;2.69257031552344
148;4916;-0.2924131902456562;0.9895339209232772;0.36123051684322977;0;-0.3556219825695028;0.8533073234410712;0.21572917908972303;0.3519898417003761;0.5902329888920168;-0.4485906085645952;0.025153752077198978;0.012907997572934716;0.2463531154358036;-0.4089727291338588;0.14737024087308462;0.16588647692047614;0.4603900380647131;-0.03459082620479491;0.0;-0.164048828193052;-0.45490755011611483;1.1864026040246627;0.6523184893343467;0.11576995579931681;0.5081654812881434
149;4916;0.03418861233958842;0.7789727197205254;0.46625131331997377;1;-0.005178960911206383;-0.335855514031726;-0.17192182719287843;-0.3634438290398126;-0.09998819236884446;-0.4485906085645952;0.7686745469697642;-0.937997154093872;0.5795040601422461;-0.4089727291338588;1.0574155286897224;-0.7319195956921638;0.8020381249491749;0.3784643337701089;0.0;0.4919563932371017;-0.06569780332380105;1.1864026040246627;2.938381744970987;1.8687114989199467;0.28602261678963875
150;4916;1.5855471746195005;1.200095122126029;2.2966137662003696;0;-0.3556219825695028;0.17378570202804425;0.32064149472777487;0.7544212814917323;0.5519805753462034;0.4033766043686697;0.7710992088690197;-0.01360109012596772;-0.37721537905211117;1.492751808297775;2.7571146964555884;1.1893890589859148;1.441668602220225;2.361129101649647;0.0;2.6143262272758343;2.430398495168458;1.1864026040246627;1.745177763890616;1.957844119756589;1.9428381478409864
151;4916;1.1772949213879444;0.14728911611226989;1.299772533628222;1;-0.3556219825695028;0.06053209845920641;0.14386424287765753;-0.1398708069335036;0.04530386960779769;-0.4485906085645952;-0.0944687137832874;1.0651485391160656;-0.46688546792407565;-0.4089727291338588;0.3679298279897558;2.2317369692517004;0.6245922506094643;-0.44764598617969875;0.0;1.4566699541637984;2.178922791190776;1.1864026040246627;2.982111733806393;1.1556505322268091;0.6470047715997089
152;4916;2.2387507797899895;2.042339926937036;2.324084959538383;1;-0.005178960911206383;1.4762021430696795;0.5372854265203518;1.6039987654957062;1.2663611756886308;-0.4485906085645952;-0.4618665356907775;-0.45875580678410166;0.8310121347761732;-0.4089727291338588;-0.11079191195545461;0.29890156043166205;3.2187184968380844;3.6002945815743588;0.0;1.842555378534477;2.11249943828501;1.1864026040246627;0.9186028856356598;1.2447831530634512;2.072421485465114
153;4916;0.36079041492483305;0.3578503173150217;0.6413544808311008;0;-0.3556219825695028;-0.27922871224730705;-0.19447797505505957;-0.3634438290398126;0.21878192051293394;-0.4485906085645952;-0.3197605517304682;-0.00999265545193345;0.4321838906407997;-0.4089727291338588;-0.16514183886672604;0.29652302386268625;0.8791968501893735;-0.365034954184718;0.0;2.2670293453422237;2.1813664596923257;-1.2586707829500228;-1.0851676742152774;-0.9241106206281755;0.887659541473089
154;4916;1.340595822680567;1.8317787257342844;1.4908377660963492;1;-0.3556219825695028;0.5701733145189767;0.5871187764484264;-0.05044159809098002;0.9371890907022893;-0.07568635992080958;0.38504650059960177;1.5699140067022803;-1.1935864941318215;0.23951852817867772;1.309573910522249;3.2431639041208005;-0.060815231561554335;0.8741305257399935;0.0;0.8778418176077805;1.2523281257394396;1.1864026040246627;1.5632297746290147;0.5317221863703138;1.3597131285324116
155;4916;-0.21076273959934505;-0.06327208509048192;0.01671023929492858;0;-0.3556219825695028;-0.4491091176005638;-0.1976253445242011;0.03898761075154357;0.1365727861381595;-0.4485906085645952;-0.6806780877943333;-0.9925797363527318;1.3298270805901207;-0.4089727291338588;-0.6242723260881061;-0.7868089011300672;0.7118276750414799;-0.03459082620479491;0.0;0.028893883992287338;-0.5690935146430837;1.1864026040246627;0.6788688396987005;0.3534569446970293;-0.269334544456623
156;4916;-0.37406364089196736;0.5684115185177735;-0.04583639291855302;0;-0.3556219825695028;-0.3924823158161449;-0.3549938179812788;0.4414190505428997;2.007921122497821;-0.4485906085645952;-0.5669170062239949;-0.44232233487924966;0.8704395975478848;-0.4089727291338588;-0.5294759419405397;-0.38941032975964657;0.38697408681004647;-0.695479082164641;0.0;-0.20263737063011986;-0.17299706571003826;-1.2586707829500228;-1.1925404146593552;-0.5378692636693926;-0.3989178820807508
157;4916;2.075449878497367;2.252901128139788;1.140288897491327;1;1.396593125721979;1.2496949359320038;1.0261768173936732;-0.274014620197289;0.036244087452210305;-0.23156571524218472;-0.6183040661919582;1.6538150181426905;-0.7126561354634133;-0.07811914318241711;-0.5250521106803199;2.8616832313273717;0.27229165315079595;1.8654629096797626;0.0;0.684899105422441;1.0212903765019932;1.1864026040246627;0.566810743307972;0.32374607108481523;1.2301297909082838
158;4916;0.11583906298589958;0.7789727197205254;0.6862948868902946;1;-0.3556219825695028;0.5135465127345578;0.6899328457737172;-0.1398708069335036;0.9787969791205424;-0.4485906085645952;-0.1822170056634717;-0.6856923472445429;0.8604315925444231;-0.4089727291338588;0.02413494148124826;-0.4408233125198161;1.2714203701603835;-0.2824239221897372;0.0;0.3376022234888303;0.6487420058566106;1.1864026040246627;1.2055809373680135;-0.032784412261753514;0.4248619071012042
159;4916;-0.2924131902456562;0.3578503173150217;1.8798189026879686;1;-0.3556219825695028;0.45691971095013884;-0.3172253843515802;6.612034460677028;7.395807125174364;-0.4485906085645952;-0.6806780877943333;0.11249799956213526;0.5192068309664453;-0.4089727291338588;-0.6242723260881061;1.1890231302829957;2.285424214548368;-0.2824239221897372;0.0;0.14465951130349095;0.43147766090062717;1.1864026040246627;-0.46396756495517577;4.364424882345928;0.6377488189122712
160;4916;0.03418861233958842;1.200095122126029;0.9009264298528771;0;-0.3556219825695028;-0.4491091176005638;-0.3549938179812788;-0.3634438290398126;-0.4123829029929873;-0.11325059777222532;-0.07040468678422408;-0.7779304004039747;0.7640905811591111;0.05312856033551016;0.2532262031712005;-0.519315019296018;1.4463710618430727;0.4610753657650897;0.0;0.8006647327336447;1.0808270272670275;1.1864026040246627;2.1094641887427055;0.17519170302374493;0.18420713722782409
161;4916;0.5240913162174553;0.14728911611226989;-0.04323313768951435;1;-0.3556219825695028;-0.5623627211694017;-0.3518464485121373;-0.3634438290398126;-0.2972901148683031;0.522433845111356;-0.6806780877943333;-0.7958725912155081;0.8693141004792028;0.3680319045399815;-0.6242723260881061;-0.6444626356944377;0.3895652380307994;0.04802020579018586;0.0;0.6463105629853733;0.4430295483624995;1.1864026040246627;-0.03720972748107712;-0.15162790671060977;-0.02867977458324293
162;4916;-0.9456167954161454;-0.48439448749598557;-0.406592762290069;0;-0.3556219825695028;-0.16597510867846926;-0.3549938179812788;-0.09515620251224181;0.008393646010960192;1.523932723464803;-0.6806780877943333;-0.9925797363527318;0.6874625967372645;0.7307859739853638;-0.6242723260881061;-0.7868089011300672;-0.12117945814872469;-1.0259232101445641;0.0;-0.4727571676895949;-0.11412686999088119;1.1864026040246627;0.01589097324763049;-0.27047140115946605;-0.6765964627038816
163;4916;-0.04746183830672274;1.4106563233287808;0.7511022407500466;1;0.34526406074709;-0.052721505109631424;0.32064149472777487;0.4861336549641615;0.9388668281385091;-0.3128999432756073;0.6492369700391174;0.5508531301296187;-0.4982849543767837;-0.23443151230272632;1.1607435874105698;1.0086202797437531;0.21998878591707915;1.700240845689801;0.0;-0.2798144555042556;-0.13700849323266676;1.1864026040246627;2.283603251426556;1.3339157739000935;0.6840285823494596
164;4916;-0.2924131902456562;0.5684115185177735;-0.3409633278316732;0;-0.3556219825695028;-0.6756163247382395;-0.35342013324670807;-0.09515620251224181;-0.006370443427774808;-0.4485906085645952;-0.5238678757592232;1.1288711312790387;-0.30319292207877185;-0.4089727291338588;-0.5231561829973685;0.39880009632864627;-0.4418104295759682;-0.9433121781495833;0.0;-0.12546028575598414;0.053597649888226635;1.1864026040246627;-0.2484411914092449;0.23461345024817307;-0.6025488412043801
165;4916;-0.04746183830672274;1.200095122126029;0.9557318030957963;1;-0.005178960911206383;0.17378570202804425;0.2650379674396074;-0.3187292246185508;-0.20904112572313707;-0.4485906085645952;0.10774959679169496;1.0189182862226274;-0.5320748185650386;-0.4089727291338588;0.5369833797195827;1.7809128072550537;0.3277614829876552;0.7915194937450127;0.0;1.9583210058456806;1.8492496951634965;1.1864026040246627;0.6753548227387125;0.026637334962674612;0.8043559672861497
166;4916;1.5855471746195005;0.5684115185177735;1.7324609553810695;1;-0.3556219825695028;2.0990969626982876;1.681354228553307;0.6649920726492087;2.28374115701237;2.6413962600760943;-0.6806780877943333;-0.848044102204057;0.2175307813065763;5.421524211172953;-0.6242723260881061;-0.5401729553624213;1.75817292540701;0.13063123778516664;0.0;0.5305449356741696;1.3340799447003824;1.1864026040246627;0.9818551909154439;0.5317221863703138;1.5448321822811655
167;4916;1.5038967239731893;1.8317787257342844;2.1988546816783123;1;0.34526406074709;0.45691971095013884;-0.3549938179812788;3.347868337924916;2.4377574536573556;0.7916558832756679;0.3224719015587492;0.3332761326849305;-0.538250893198767;2.285250962525815;1.649576941664854;1.8178716062499087;1.144549928907221;2.6089621976345896;0.0;0.8006647327336447;1.7957111398113572;1.1864026040246627;0.9100130664001336;2.5520615920008702;1.52632027690629
168;4916;2.565352582375234;1.6212175245315326;1.5339284908085944;1;1.0461501040636827;2.7219917823268953;5.024385166359828;-0.3634438290398126;-0.3912434112966167;0.20166522923166239;-0.3290277075553787;1.1276652506101972;-0.6095535576243167;0.7389889554552342;0.02350296558693115;2.5982145652254354;0.623248690717222;1.5350187816998395;0.0;0.6463105629853733;0.9308746419446462;1.1864026040246627;0.08382863447406523;-0.15162790671060977;1.4245047973444753
169;4916;-0.4557140915382785;-0.06327208509048192;-0.07632188178492685;0;-0.3556219825695028;-0.27922871224730705;-0.3549938179812788;-0.3187292246185508;-0.2368915671643872;-0.4485906085645952;3.6990581224816044;-0.8234499611143605;-0.9406145094173924;-0.4089727291338588;2.9400717178603917;-0.6675161439783571;-0.5635945369513564;-0.6128680501696603;0.0;0.10607096886642307;0.273527815027719;1.1864026040246627;0.38876721733524644;-0.32989314838389416;-0.056447632645556016
170;4916;0.7690426681563888;0.3578503173150217;-0.12215287515931808;0;-0.3556219825695028;-0.27922871224730705;-0.0003901911246637023;0.5308482593854233;1.012687275332184;0.7733048923835625;-0.6806780877943333;-0.9925797363527318;0.9319092156687685;0.5097611954916321;-0.6242723260881061;-0.7868089011300672;0.32382677187465997;0.3784643337701089;0.0;-0.6656998798749343;-0.7405946131154959;1.1864026040246627;-0.5682167347681533;0.2940351974726012;-0.2785904971440607
171;4916;0.19748951363221073;0.5684115185177735;0.5708610694973959;0;-0.3556219825695028;-0.22260191046288816;-0.2658183496889348;0.21784602843659076;0.8160564478072134;-0.4485906085645952;-0.588490598045875;-0.003021247411245943;0.5587666437318699;-0.4089727291338588;-0.5111486410053435;0.26560204846600066;0.9017494626662973;1.5350187816998395;0.0;-0.00969465844478053;0.6436325171715517;-1.2586707829500228;-1.1570097987305876;-0.5675801372816067;0.11015951572832251
172;4916;-0.4557140915382785;1.6212175245315326;0.40185499975954364;1;-0.3556219825695028;-0.27922871224730705;-0.3549938179812788;-0.22930001577602718;-0.21977864531494434;-0.4485906085645952;0.2482161460454573;0.7582565945980909;-0.4097071414472079;-0.4089727291338588;0.415328020063539;0.911466209118664;0.044846157106926694;1.700240845689801;0.0;-0.0482832008818484;0.21998925967557997;1.1864026040246627;-0.6228792208124111;0.08605908218710275;1.2301297909082838
173;4916;-0.9456167954161454;-1.3266392923069927;-1.22552205197239;0;-0.3556219825695028;-0.6189895229538206;-0.3549938179812788;-0.3634438290398126;-0.5093561268064967;-0.4485906085645952;-0.6806780877943333;-0.9925797363527318;1.3298270805901207;-0.4089727291338588;-0.6242723260881061;-0.7868089011300672;-1.0283702911034487;-1.0259232101445641;0.0;-0.9744082193714773;-1.1844536736697442;-1.2586707829500228;-1.3373960026766385;-1.0726649886892459;-1.056090522888827
174;4916;2.2387507797899895;0.7789727197205254;1.3103910746940375;0;-0.3556219825695028;0.5701733145189767;0.1380940655175647;2.4535762494996805;2.9685935784773276;-0.2630670296554667;-0.6806780877943333;-0.8284742306616459;1.1490319980448889;-0.1068295783269637;-0.6242723260881061;-0.5451129928518326;2.3336964021053577;2.2785180696546665;0.0;1.3023157844155269;0.38127138077787437;1.1864026040246627;1.0689247222573688;2.9977246961840813;2.4334036402751846
175;4916;0.4424408655711442;0.7789727197205254;1.48522021533895;1;-0.3556219825695028;0.003905296674787494;-0.3549938179812788;1.7381425787594915;2.460239135302702;-0.4485906085645952;0.07169234779201389;0.1585484585384115;0.11671263465961004;-0.4089727291338588;0.738267702059582;1.0199640695342531;1.4075037935317787;-0.03459082620479491;0.0;0.414779308362966;1.8432515997506012;1.1864026040246627;0.6433382237699329;1.125939658614595;0.18420713722782409
176;4916;-0.8639663447698342;-0.48439448749598557;-0.7363840957793356;0;-0.3556219825695028;-0.6189895229538206;-0.3549938179812788;-0.05044159809098002;0.572448972068086;-0.4485906085645952;-0.6806780877943333;-0.8311509006599269;1.2114123493608944;-0.4089727291338588;-0.6242723260881061;-0.7319195956921638;-0.3719453151793704;-1.0259232101445641;0.0;-0.9744082193714773;-0.8647774033306234;-1.2586707829500228;-1.3229494885077988;-0.8646888734037473;-0.9172512325772617
177;4916;-0.04746183830672274;0.9895339209232772;0.7149992011262736;1;-0.3556219825695028;-0.3924823158161449;-0.3549938179812788;-0.3634438290398126;-0.41708056781440295;-0.4485906085645952;-0.45263660757006646;1.0894542851262794;-0.3091873548505252;-0.4089727291338588;-0.32345180039316196;1.5935573113603434;0.35012215833711574;0.13063123778516664;0.0;1.3023157844155269;2.2157999703959836;1.1864026040246627;1.379329553722976;-0.15162790671060977;0.01759998885394555
178;4916;-0.8639663447698342;-1.3266392923069927;-1.2819030796960431;0;-0.3556219825695028;-0.6756163247382395;-0.3549938179812788;-0.3634438290398126;-0.5224424788090118;-0.4485906085645952;-0.6806780877943333;-0.9925797363527318;1.3298270805901207;-0.4089727291338588;-0.6242723260881061;-0.7868089011300672;-1.1073524190545476;-1.0259232101445641;0.0;-1.1673509315568165;-1.2517656333033462;-1.2586707829500228;-1.2058155898415321;-1.0726649886892459;-1.2041857658878303
179;4916;-0.7823158941235231;0.3578503173150217;0.17804355677877212;0;-0.005178960911206383;-0.3924823158161449;-0.3549938179812788;-0.1398708069335036;-0.07549322580003412;-0.4485906085645952;1.1522779482241474;0.40715168126974843;-0.5952108451948478;-0.4089727291338588;1.1651674186707894;0.3975193458684285;-0.2268408468172057;-0.6128680501696603;0.0;1.6882012087862057;0.9590879055534498;1.1864026040246627;0.22087529591359736;0.056348208574888675;0.10090356304088481
180;4916;-0.2924131902456562;0.5684115185177735;0.29560108238483396;1;-0.3556219825695028;-0.16597510867846926;-0.30096397542768216;-0.3634438290398126;-0.30064558974074285;-0.4485906085645952;2.070352297268067;-0.6773224042713688;-0.24962504353678727;-0.4089727291338588;2.267965354254146;-0.49955486933837273;0.07344478909894063;1.039352589729955;0.0;1.1093730722301876;0.5932040853668398;1.1864026040246627;0.7944409530494171;-0.06249528587396758;0.3508142856017026
181;4916;0.2791399642785219;-0.06327208509048192;0.10981086709133767;1;0.34526406074709;-0.16597510867846926;-0.3549938179812788;0.3519898417003761;0.2932734626810969;0.21624013508286694;-0.6806780877943333;-0.41178200870991793;0.6872816486782471;0.1852877062389786;-0.6242723260881061;-0.31732237528453344;0.47085061151145646;-0.2824239221897372;0.0;0.3761907659258981;0.10091595814551135;1.1864026040246627;0.975608049653243;0.620854807206956;0.06387975229113403
182;4916;0.11583906298589958;-0.2738332862932337;-0.4177593570883138;0;-0.005178960911206383;0.9665609270099091;0.3405748346990047;-0.3634438290398126;-0.27715726563366444;-0.4485906085645952;4.042771785878883;0.5664805647385489;-2.128629872310896;-0.4089727291338588;2.1899163313059824;0.018234245292516004;-1.173762665156808;-0.9433121781495833;0.0;-0.6656998798749343;-0.508668257150213;-0.03613408946268004;-0.35425214653777254;-0.35960402199610825;-0.019423821895805233
183;4916;-0.21076273959934505;0.5684115185177735;-0.2017576797946583;1;-0.3556219825695028;-0.5057359193849827;-0.18398674349125438;-0.3634438290398126;-0.14461600817229345;-0.4485906085645952;0.5622136866147555;-0.08597286609121242;0.05568928759190685;-0.4089727291338588;0.28766888941148294;-0.21028822968062183;-0.17357829394617305;0.29585330177512814;0.0;-0.3955800828154592;-0.02348898375157524;1.1864026040246627;0.13029174761168438;-0.3001822747716801;-0.5377571723923162
184;4916;0.7690426681563888;-0.06327208509048192;0.03733076097757695;1;-0.3556219825695028;-0.6756163247382395;-0.18608498980401542;0.03898761075154357;0.4378944296832511;-0.4485906085645952;1.0062022081789024;0.7248091207538021;-0.7566383650919583;-0.4089727291338588;0.8709826398661751;0.5325470372456709;-0.4054383439216954;1.1219636217249358;0.0;-0.6271113374378664;-0.2487507892580856;1.1864026040246627;-0.44834971179967353;0.2940351974726012;0.20271904260269946
185;4916;-0.04746183830672274;1.200095122126029;1.626755091738789;1;0.6957070824053864;1.8159629537761928;0.9432960880396123;-0.3634438290398126;-0.4194294002251108;-0.16173428923824404;0.7463864129208907;2.5358053949224284;-2.0511676570893953;0.11373947897399742;2.0891161761624035;5.0276152239070395;-1.0166621263281947;0.9567415577349743;0.0;1.572435581475002;2.2664505538826547;1.1864026040246627;0.17948798505151645;0.17519170302374493;1.461528608094226
186;4916;0.9323435694490111;0.9895339209232772;1.2511327648751311;0;-0.3556219825695028;-0.22260191046288816;-0.3403060937919516;3.5267267556099635;4.149720733576127;-0.4485906085645952;-0.6806780877943333;-0.8791173389336441;1.2465977167819557;-0.4089727291338588;-0.6242723260881061;-0.6234217352765747;2.355385297508697;0.7915194937450127;0.0;0.22183659617762666;0.16822791777911358;1.1864026040246627;0.9814647445865563;2.7600377072863687;0.21197499529013716
187;4916;0.03418861233958842;-0.06327208509048192;-0.13146978861061437;0;-0.3556219825695028;-0.6756163247382395;-0.3549938179812788;-0.3634438290398126;-0.39694771857976435;-0.4485906085645952;-0.09018661047043292;-0.9925797363527318;1.040444844112325;-0.4089727291338588;-0.16450986297240894;-0.7868089011300672;0.3646134114605859;-0.19981289019475643;0.0;0.4533678508000339;-0.08080411769701872;1.1864026040246627;0.7940505067205295;-0.12191703309839572;-0.07495953802043141
188;4916;-0.04746183830672274;1.200095122126029;-0.3115054397136041;1;-0.3556219825695028;-0.10934830689405034;-0.3518464485121373;-0.3634438290398126;-0.5180803614748402;2.050670308980402;0.040676657383153375;0.07307049355745102;-0.6192857299347385;1.1805827912499272;-0.14555058614289565;-0.1738783237401459;-0.5495831266465442;0.5436863977600704;0.0;0.2604251386146945;-0.12923318436409886;-1.2586707829500228;-1.0902434764908155;-0.8052671261793192;0.05462379960369634
189;4916;1.0956444707416335;0.3578503173150217;0.318824859296521;1;-0.3556219825695028;-0.4491091176005638;0.13599581920480366;-0.3187292246185508;-0.4667415959265116;1.8465914199484583;-0.6806780877943333;-0.40865499012810436;0.15405382131951081;1.9361685288635502;-0.6242723260881061;-0.2472470286754768;0.35818351769056933;1.1219636217249358;0.0;-0.4727571676895949;-0.2687444406344031;1.1864026040246627;0.9744367106665803;0.5317221863703138;0.4526297651635173
190;4916;-0.2924131902456562;-0.06327208509048192;1.0584233712097164;1;-0.3556219825695028;-0.22260191046288816;-0.12471128515575511;0.4861336549641615;0.6687511009071074;-0.34720898675244244;-0.6806780877943333;-0.9272626059953317;1.2488987072099729;-0.25949617790510826;-0.6242723260881061;-0.6997178698352605;2.093966929903845;-0.03459082620479491;0.0;7.013420065101572;0.5785420743575402;1.1864026040246627;2.6767827046163246;1.4230483947367356;1.7021833779676063
191;4916;0.9323435694490111;0.14728911611226989;0.8159781013263523;1;-0.3556219825695028;-0.4491091176005638;-0.3549938179812788;-0.3187292246185508;-0.4472798416663609;-0.34548786598899517;0.6327112208791973;1.6739756693917045;-1.3034305818555412;-0.27225637130268454;1.1929743580207424;2.410859069330725;-0.4264554593789137;0.9567415577349743;0.0;0.8006647327336447;2.0931722419545697;1.1864026040246627;0.9088417274134709;0.7396983016558122;0.3785821436640157
192;4916;0.19748951363221073;0.14728911611226989;-0.16387346554049037;1;-0.3556219825695028;-0.16597510867846926;-0.19342885189867903;-0.3187292246185508;-0.21273214808282082;1.392213473140419;0.411225001968014;-0.9925797363527318;0.1952486940275903;0.9281132504550254;0.2033001075201488;-0.7868089011300672;-0.0740588933565138;1.1219636217249358;0.0;0.2990136810517624;-0.6432921764174174;1.1864026040246627;1.027537411395288;-0.35960402199610825;0.5081654812881434
193;4916;-0.4557140915382785;-0.2738332862932337;-0.8544896751178266;0;-0.3556219825695028;-0.6756163247382395;-0.3549938179812788;-0.3634438290398126;-0.32111398646262546;-0.4485906085645952;0.18082560101383627;0.10658037265528897;0.10135042834185176;-0.4089727291338588;-0.3512587397431148;-0.4849177212215985;-0.7498695191543734;-1.0259232101445641;0.0;0.1832480537405588;-0.4622385556207646;-1.2586707829500228;-1.2038633581970943;-1.0726649886892459;-0.7136202734536324
194;4916;0.03418861233958842;-0.6949556886987374;-0.5954657798284795;0;-0.3556219825695028;-0.335855514031726;-0.18975692085134724;-0.3634438290398126;-0.5224424788090118;-0.4485906085645952;-0.28758582579600683;-0.34171937189537976;0.6597512924691376;-0.4089727291338588;-0.43467955779297324;-0.514740910509526;-0.346033802971841;-0.19981289019475643;0.0;-0.8200540496232057;-1.1309151183176052;1.1864026040246627;-0.4604535479951878;-0.27047140115946605;-0.45445359820537695
195;4916;-0.37406364089196736;-0.6949556886987374;-0.9818436611910603;0;-0.3556219825695028;-0.6189895229538206;-0.3549938179812788;-0.22930001577602718;-0.11441673432033549;-0.4485906085645952;-0.6806780877943333;-0.9925797363527318;1.3298270805901207;-0.4089727291338588;-0.6242723260881061;-0.7868089011300672;-0.6870101099101816;-0.8607011461546026;0.0;-0.8972311344973415;-1.131137269999564;-1.2586707829500228;-1.0718924990331005;-0.6567127581182489;-0.9727869487018879
196;4916;-0.04746183830672274;0.14728911611226989;0.010339114655439215;0;-0.3556219825695028;-0.27922871224730705;-0.33086398538452694;0.2625606328578525;0.25065893180111176;-0.4485906085645952;1.4130234248573055;0.032396402560255964;-0.4480959139355434;-0.4089727291338588;1.1955022615980109;-0.014699337970226036;-0.2547676988630985;0.708908461750032;0.0;0.4919563932371017;-0.4617942522568464;1.1864026040246627;1.020509377475312;0.14548082941153087;0.23048690066501257
197;4916;-0.8639663447698342;-0.9055168899014892;-0.9540984409868324;0;-0.3556219825695028;-0.3924823158161449;-0.3549938179812788;-0.3634438290398126;-0.5224424788090118;-0.4485906085645952;-0.6806780877943333;-0.9925797363527318;1.3298270805901207;-0.4089727291338588;-0.6242723260881061;-0.7868089011300672;-0.6481428415988876;-1.0259232101445641;0.0;-0.8972311344973415;-0.6681731647968348;-1.2586707829500228;-0.5572842375593017;-0.9241106206281755;-0.9912988540767633
198;4916;0.11583906298589958;0.14728911611226989;-0.07488324073730022;0;-0.3556219825695028;-0.5623627211694017;-0.3549938179812788;0.08370221517280536;0.04899489196748144;-0.4485906085645952;-0.6806780877943333;0.742932326370926;0.05675716361702935;-0.4089727291338588;-0.6242723260881061;0.43868632494685605;-0.059279734541848886;-0.11720185819977567;0.0;-0.20263737063011986;0.10424823337489761;1.1864026040246627;-0.3464432199600214;1.2150722794512372;-0.22305478101943454
199;4916;0.5240913162174553;0.7789727197205254;0.32821027946437087;1;-0.3556219825695028;-0.27922871224730705;-0.3549938179812788;-0.22930001577602718;0.5113793293896821;-0.30755137082555606;-0.6806780877943333;-0.8401784826644737;1.1721041499016052;-0.26405338983281407;-0.6242723260881061;-0.6451944931002764;1.0433990627341247;0.8741305257399935;0.0;-0.4341686252525271;-0.22498055928846372;1.1864026040246627;0.5445553025613813;0.8585417961046684;0.045367846916258635
200;4916;-0.21076273959934505;0.3578503173150217;-0.43947598623582057;1;-0.3556219825695028;-0.4491091176005638;-0.33453591643185876;-0.3634438290398126;-0.5224424788090118;-0.4485906085645952;0.42433980787485454;-0.11611299178982347;0.14536618706024748;-0.4089727291338588;0.01876314637955283;-0.34476702800348513;-0.35438306801648933;1.2871856857148973;0.0;0.5305449356741696;0.3039625954561134;-1.2586707829500228;-1.3350533247033132;-1.0132432414648176;-0.18603097026968377
201;4916;2.075449878497367;1.200095122126029;2.1912504361408573;0;-0.3556219825695028;0.06053209845920641;-0.1336288319849895;0.03898761075154357;-0.25970879629697763;-0.4485906085645952;-0.3479052595046863;1.5183839060977422;-0.6751506838737671;-0.4089727291338588;0.12841096404357133;4.13548104618965;0.9476224361299975;1.700240845689801;0.0;2.6529147697129023;2.4794940168814157;1.1864026040246627;0.6253776926411053;0.9476744169413106;2.45191554565006
202;4916;-0.21076273959934505;-0.6949556886987374;-0.4303645929341852;0;-0.3556219825695028;-0.4491091176005638;-0.3549938179812788;-0.3634438290398126;-0.5224424788090118;-0.4485906085645952;0.28006821743071675;-0.9925797363527318;0.8589940115781853;-0.4089727291338588;-0.05960186451576875;-0.7868089011300672;-0.08595899525923102;-1.0259232101445641;0.0;1.4180814117267306;0.8166886774176775;-1.2586707829500228;-0.9008770069803509;-0.8943997470159614;-0.3804059767058754
