PeriodoLetivo;Login_Quantidade;Numero_Dias_Acessados_Modulo_Somado;Turno_TempoUsoTotal_Somado;Evadido;Forum_Quantidade_Post_Somado;Forum_Quantidade_Visualizacoes_Somado;Forum_TempoUso_Somado;Chat_Quantidade_Mensagens_Somado;Chat_TempoUso_Somado;Turno_PercentualUsoMadrugada_Somado;Turno_PercentualUsoManha_Somado;Turno_PercentualUsoTarde_Somado;Turno_PercentualUsoNoite_Somado;Turno_TempoUsoMadrugada_Somado;Turno_TempoUsoManha_Somado;Turno_TempoUsoTarde_Somado;Turno_TempoUsoNoite_Somado;Assignment_Post_Quantidade_Somado;Assignment_View_Quantidade_Somado;Assignment_View_TempoUso_Somado;Resource_View_Quantidade_Somado;Resource_View_Tempo_Somado;Questionario_Quantidade_Somado;Questionario_TempoUso_Somado;Log_Post_Quantidade_Somado;Log_View_Quantidade_Somado
20120102;3;12;19409;ReprEvadiu;0;5;29;0;16;0;0;0.180431758;0.819568242;0;0;3502;15907;0;5;0;53;10265;0;0;2;129
20120102;2;22;23637;Sucesso;1;23;0;0;257;0;0.174895291;0.316833778;0.508270931;0;4134;7489;12014;0;10;0;53;9167;0;0;7;198
20120102;6;16;14619;ReprEvadiu;0;7;300;0;308;0;0.259593679;0.293248512;0.447157808;0;3795;4287;6537;0;6;0;53;8511;0;0;4;141
20120102;0;1;0;ReprEvadiu;0;0;0;0;0;0;0;0;0;0;0;0;0;0;0;0;0;0;0;0;0;1
20120102;16;20;42878;Sucesso;4;30;2229;78;6994;0;0.239749988;0.373384953;0.386865059;0;10280;16010;16588;0;12;0;88;12593;0;0;86;256
20120102;6;11;14608;ReprEvadiu;1;4;0;0;29;0;0.118975904;0.398411829;0.482612267;0;1738;5820;7050;0;7;0;41;7495;0;0;5;90
20120102;0;0;0;ReprEvadiu;0;0;0;0;0;0;0;0;0;0;0;0;0;0;0;0;0;0;0;0;0;0
20120102;5;18;15336;ReprEvadiu;0;8;0;0;1036;0;0.32909494;0.500521648;0.170383412;0;5047;7676;2613;0;10;0;46;5757;0;0;4;163
20120102;0;15;16381;ReprEvadiu;4;36;0;2;621;0;0.117270008;0.78401807;0.098711922;0;1921;12843;1617;0;6;0;45;4837;0;0;10;177
20120102;0;0;0;ReprEvadiu;0;0;0;0;0;0;0;0;0;0;0;0;0;0;0;0;0;0;0;0;0;0
20120101;8;20;29659;ReprEvadiu;0;10;0;17;1757;0;0.081155804;0.193229711;0.725614485;0;2407;5731;21521;0;25;0;75;10340;0;0;23;226
20120101;7;28;30276;Sucesso;3;23;0;0;31;0.054234377;0.081318536;0.389351301;0.475095785;1642;2462;11788;14384;0;23;0;39;8040;0;0;9;200
20120101;44;30;79556;Sucesso;10;54;995;5;658;0.019168887;0.209487656;0.162891548;0.608451908;1525;16666;12959;48406;0;18;0;145;25296;0;0;24;614
20120101;0;18;23294;Sucesso;1;18;0;37;3473;0;0.206448012;0;0.793551988;0;4809;0;18485;0;16;0;63;6290;0;0;42;202
20120101;0;17;20228;ReprEvadiu;2;9;0;0;0;0.136592842;0;0.258305319;0.605101839;2763;0;5225;12240;0;34;0;25;4644;0;0;20;126
20120101;1;11;4973;ReprEvadiu;1;7;0;0;0;0;0.532877539;0.406796702;0.060325759;0;2650;2023;300;0;1;0;11;767;0;0;1;44
20120101;2;10;20123;Sucesso;0;17;0;0;758;0;0;0.095959847;0.904040153;0;0;1931;18192;0;12;0;43;10373;0;0;4;157
20120102;15;17;36976;Sucesso;4;28;156;71;7130;0;0;0.105717222;0.894282778;0;0;3909;33067;0;17;0;71;13352;0;0;77;282
20120102;9;20;18557;Sucesso;1;11;59;0;0;0.250255968;0.033248909;0.087298594;0.62919653;4644;617;1620;11676;0;27;0;69;7784;0;0;5;186
20120102;65;31;77850;Sucesso;1;67;1720;0;1365;0.033885678;0.137199743;0.278548491;0.550366089;2638;10681;21685;42846;0;31;0;170;28351;0;0;5;671
20120102;0;1;315;ReprEvadiu;0;0;0;0;0;0;0;0;1;0;0;0;315;0;0;0;3;196;0;0;0;4
20120102;0;8;3191;ReprEvadiu;0;0;0;0;0;0;0.094014416;0.380445002;0.525540583;0;300;1214;1677;0;0;0;8;1119;0;0;0;18
20120102;26;31;57304;Sucesso;15;58;586;86;4724;0.208379869;0.181837219;0.26417004;0.345612872;11941;10420;15138;19805;0;22;0;126;19489;0;0;109;594
20120102;43;38;100936;Sucesso;0;60;4085;15;5103;0.008787747;0.191190457;0.130825474;0.669196322;887;19298;13205;67546;0;75;0;171;31175;0;0;23;758
20120102;10;17;34670;ReprEvadiu;2;14;386;11;2146;0.108162677;0;0.36305163;0.528785694;3750;0;12587;18333;0;40;0;80;10494;0;0;18;268
20120102;0;0;0;ReprEvadiu;0;0;0;0;0;0;0;0;0;0;0;0;0;0;0;0;0;0;0;0;0;0
20120102;0;6;6587;ReprEvadiu;1;9;0;0;0;0;0;0.197206619;0.802793381;0;0;1299;5288;0;7;0;16;2252;0;0;1;76
20120102;1;12;6499;Sucesso;0;1;0;0;0;0;0.142945068;0.639482997;0.217571934;0;929;4156;1414;0;15;0;1;23;0;0;4;48
20120102;10;15;19175;Sucesso;2;20;1841;0;876;0;0.093559322;0.406518905;0.499921773;0;1794;7795;9586;0;12;0;60;6179;0;0;6;190
20120102;27;33;85574;ReprEvadiu;2;145;238;17;7358;0.053883189;0.191506766;0.15616893;0.598441115;4611;16388;13364;51211;0;32;0;152;25654;0;0;23;821
20120102;13;21;40298;ReprEvadiu;2;14;127;124;15789;0;0.008238622;0.00774232;0.984019058;0;332;312;39654;0;31;0;53;11535;0;0;136;220
20120102;0;10;9329;ReprEvadiu;0;3;0;41;5089;0;0;0;1;0;0;0;9329;0;10;0;6;662;0;0;45;40
20120102;5;20;34340;ReprEvadiu;2;33;0;7;3847;0;0.026820035;0.222714036;0.750465929;0;921;7648;25771;0;13;0;36;6391;0;0;13;310
20120102;4;13;19584;Sucesso;1;6;0;28;4144;0;0.081852533;0.118566176;0.799581291;0;1603;2322;15659;0;15;0;41;4611;0;0;33;139
20120102;2;14;20746;ReprEvadiu;1;18;53;0;990;0.36705871;0;0.061554035;0.571387255;7615;0;1277;11854;0;12;0;29;5850;0;0;1;147
20120102;2;16;32161;ReprEvadiu;0;12;573;13;3686;0.009328068;0;0.020739405;0.969932527;300;0;667;31194;0;19;0;48;12346;0;0;15;162
20120102;16;18;29970;Sucesso;0;5;0;0;145;0;0.192092092;0.405939273;0.401968635;0;5757;12166;12047;0;22;0;71;12501;0;0;6;184
20120102;7;22;19500;Sucesso;1;23;1112;4;1065;0;0.257384615;0.333846154;0.408769231;0;5019;6510;7971;0;18;0;19;3872;0;0;13;126
20120102;1;9;5517;ReprEvadiu;1;10;0;0;623;0;0.216059453;0.441544318;0.34239623;0;1192;2436;1889;0;4;0;26;1189;0;0;1;69
20120102;6;21;22511;ReprEvadiu;0;13;0;28;1785;0.047176936;0.188530052;0.197547865;0.566745147;1062;4244;4447;12758;0;18;0;40;5500;0;0;32;218
20120102;14;22;27773;Sucesso;10;35;140;1;778;0;0;0.045835884;0.954164116;0;0;1273;26500;0;30;0;112;14038;0;0;16;301
20120102;5;19;18905;ReprEvadiu;0;2;0;16;3284;0;0.052948955;0.344088865;0.602962179;0;1001;6505;11399;0;9;0;26;5375;0;0;20;105
20120102;1;18;25843;ReprEvadiu;0;9;0;24;2405;0;0.082807724;0.201988933;0.715203343;0;2140;5220;18483;0;13;0;95;12602;0;0;28;203
20120102;6;15;32705;ReprEvadiu;2;41;650;0;903;0;0.141048769;0.606268155;0.252683076;0;4613;19828;8264;0;21;0;53;9209;0;0;4;250
20120102;10;22;32222;Sucesso;4;33;644;0;0;0;0.313915958;0.61411458;0.071969462;0;10115;19788;2319;0;18;0;97;12965;0;0;10;269
20120102;7;22;40143;Sucesso;4;62;0;41;9020;0;0.047056772;0.196921007;0.756022221;0;1889;7905;30349;0;18;0;49;7459;0;0;54;328
20120102;0;7;14384;Sucesso;0;2;0;68;6929;0.025444939;0;0;0.974555061;366;0;0;14018;0;13;0;9;1685;0;0;72;48
20120102;3;21;44210;Sucesso;1;51;0;121;18769;0.012169192;0.050282741;0.086247455;0.851300611;538;2223;3813;37636;0;18;0;15;2063;0;0;122;303
20120102;0;9;13887;ReprEvadiu;0;5;0;10;5969;0;0.11860013;0.172535465;0.708864406;0;1647;2396;9844;0;16;0;11;285;0;0;15;59
20120102;11;34;42991;Sucesso;0;34;745;120;15926;0;0.098229862;0.175804238;0.7259659;0;4223;7558;31210;0;36;0;30;3985;0;0;132;271
20120101;10;26;47048;ReprEvadiu;0;30;144;0;5159;0;0.403736609;0.213207788;0.383055603;0;18995;10031;18022;0;27;0;233;22683;0;0;4;594
20120101;21;12;22904;ReprEvadiu;0;12;65;22;3521;0;0.036238212;0.344786937;0.618974852;0;830;7897;14177;0;14;0;61;11848;0;0;26;223
20120101;28;26;50455;Sucesso;2;37;819;0;313;0;0;0.18674066;0.81325934;0;0;9422;41033;0;20;0;183;24997;0;0;8;463
20120102;11;14;25391;Sucesso;0;6;223;0;0;0;0.01181521;0.240045685;0.748139104;0;300;6095;18996;0;10;0;37;7326;0;0;2;118
20120102;4;18;18923;Sucesso;0;7;348;12;1015;0;0.158325847;0.173069809;0.668604344;0;2996;3275;12652;0;7;0;64;8818;0;0;16;159
20120102;8;26;35046;Sucesso;9;44;460;7;338;0.05210295;0.102636535;0.082177709;0.763082805;1826;3597;2880;26743;0;9;0;45;9085;0;0;22;233
20120102;0;15;18086;Sucesso;1;7;0;8;1234;0.150226695;0.016587416;0.127667809;0.70551808;2717;300;2309;12760;0;17;0;32;7370;0;0;25;166
20120102;3;14;22013;Sucesso;0;0;0;0;15;0.029073729;0.035797029;0.039294962;0.89583428;640;788;865;19720;0;5;0;42;10539;0;0;4;106
20120102;0;10;19229;ReprEvadiu;1;8;0;25;1982;0;0;0.735607676;0.264392324;0;0;14145;5084;0;1;0;33;6323;0;0;26;101
20120102;13;22;25617;Sucesso;0;8;318;0;486;0;0.621267127;0.076394582;0.302338291;0;15915;1957;7745;0;2;0;78;14007;0;0;4;197
20120102;6;17;19992;Sucesso;2;14;0;0;300;0.048169268;0;0.215286114;0.736544618;963;0;4304;14725;0;13;0;62;10022;0;0;6;150
20120102;0;10;22600;ReprEvadiu;1;23;0;8;1903;0;0.016769912;0.08800885;0.895221239;0;379;1989;20232;0;3;0;33;7862;0;0;11;159
20120102;0;13;25162;ReprEvadiu;0;5;0;7;2729;0;0.052897226;0.518043081;0.429059693;0;1331;13035;10796;0;5;0;54;10314;0;0;9;188
20120102;3;13;7131;ReprEvadiu;1;5;0;0;0;0;0;0.051745898;0.948254102;0;0;369;6762;0;19;0;16;2505;0;0;5;78
20120102;3;8;5685;Sucesso;0;0;0;0;718;0.134036939;0;0.185400176;0.680562885;762;0;1054;3869;0;5;0;5;1262;0;0;4;46
20120101;5;16;32667;Sucesso;0;17;7;1;725;0;0.089141948;0.149906634;0.760951419;0;2912;4897;24858;0;15;0;70;16653;0;0;5;208
20120101;4;30;34382;Sucesso;2;21;0;3;1364;0;0.134750742;0.10575301;0.759496248;0;4633;3636;26113;0;22;0;92;12303;0;0;19;272
20120101;0;3;1933;ReprEvadiu;0;0;0;0;0;0;0.155199172;0.392136575;0.452664252;0;300;758;875;0;2;0;0;0;0;0;0;10
20120101;14;21;45880;Sucesso;7;31;655;12;2208;0.01353531;0.066216216;0.46211857;0.458129904;621;3038;21202;21019;0;13;0;49;12884;0;0;25;268
20120102;1;11;13376;ReprEvadiu;1;29;0;2;1173;0;0.461124402;0.048071172;0.490804426;0;6168;643;6565;0;6;0;25;1941;0;0;3;168
20120102;3;12;16399;ReprEvadiu;0;5;0;0;0;0.038660894;0.125800354;0.018293798;0.817244954;634;2063;300;13402;0;15;0;31;5060;0;0;6;98
20120102;1;6;4615;ReprEvadiu;0;0;0;0;0;0.100108342;0.180931744;0.248537378;0.470422535;462;835;1147;2171;0;0;0;10;1683;0;0;0;24
20120102;19;22;27776;Sucesso;4;10;1372;0;0;0.012168779;0.013932892;0.260080645;0.713817684;338;387;7224;19827;0;24;0;67;7026;0;0;14;276
20120102;9;21;42143;Sucesso;1;12;0;0;0;0.007284721;0.014735543;0.349619154;0.628360582;307;621;14734;26481;0;15;0;83;24072;0;0;5;207
20120102;5;18;16025;ReprEvadiu;0;8;300;6;508;0;0.204368175;0.414352574;0.381279251;0;3275;6640;6110;0;8;0;21;3140;0;0;6;117
20120102;0;1;672;ReprEvadiu;0;0;0;0;0;0;0;0;1;0;0;0;672;0;0;0;8;164;0;0;0;16
20120102;25;29;44026;Sucesso;7;43;1143;0;300;0;0.283264435;0.183482488;0.533253078;0;12471;8078;23477;0;35;0;78;10251;0;0;11;471
20120102;0;0;0;ReprEvadiu;0;0;0;0;0;0;0;0;0;0;0;0;0;0;0;0;0;0;0;0;0;0
20120102;24;27;44910;Sucesso;10;41;3887;0;0;0.006680027;0.130861723;0.378935649;0.483522601;300;5877;17018;21715;0;37;0;77;16169;0;0;14;274
20120102;1;10;13780;Sucesso;0;4;101;0;0;0;0.113497823;0.826487663;0.060014514;0;1564;11389;827;0;8;0;37;8829;0;0;4;88
20120102;9;18;24580;Sucesso;0;1;369;42;6869;0;0.069446705;0.134947111;0.795606184;0;1707;3317;19556;0;20;0;13;3878;0;0;48;117
20120102;13;24;41916;Sucesso;12;59;183;0;197;0.019491364;0;0.081615612;0.898893024;817;0;3421;37678;0;20;0;101;19067;0;0;19;372
20120102;6;14;14576;ReprEvadiu;1;6;22;0;0;0.03183315;0.084934138;0.486896268;0.396336443;464;1238;7097;5777;0;17;0;27;4846;0;0;9;100
20120102;11;23;49721;ReprEvadiu;5;33;0;0;479;0.109008266;0.053156614;0.172301442;0.665533678;5420;2643;8567;33091;0;29;0;136;24438;0;0;9;407
20120102;14;24;64541;Sucesso;6;67;2523;22;7058;0.009637285;0;0.035884167;0.954478549;622;0;2316;61603;0;30;0;110;20089;0;0;32;541
20120102;1;11;7049;Sucesso;0;0;0;0;0;0;0.168534544;0.201163286;0.630302171;0;1188;1418;4443;0;21;0;3;345;0;0;4;63
20120102;9;6;9084;ReprEvadiu;0;0;0;0;0;0;0;0.126596213;0.873403787;0;0;1150;7934;0;6;0;17;1788;0;0;2;47
20120102;8;21;26577;Sucesso;0;27;2753;0;3152;0;0.730368364;0.132783986;0.13684765;0;19411;3529;3637;0;14;0;74;6898;0;0;4;286
20120102;3;12;9693;Sucesso;0;5;0;0;0;0;0;0.36665635;0.63334365;0;0;3554;6139;0;18;0;6;1244;0;0;8;56
20120102;1;6;8249;ReprEvadiu;0;3;0;0;0;0;0;0.272639108;0.727360892;0;0;2249;6000;0;3;0;13;1900;0;0;2;48
20120102;0;13;12719;Sucesso;0;3;0;0;0;0;0;0.417800142;0.582199858;0;0;5314;7405;0;7;0;11;3287;0;0;4;57
20120102;1;19;26065;Sucesso;1;7;0;0;66;0;0.142988682;0.405601381;0.451409937;0;3727;10572;11766;0;15;0;66;9034;0;0;5;163
20120102;9;19;27895;Sucesso;1;16;0;0;344;0;0.283670909;0.582039792;0.134289299;0;7913;16236;3746;0;17;0;110;10886;0;0;5;259
20120102;26;29;31113;Sucesso;2;32;1280;0;713;0.012342108;0.091280172;0.222029377;0.674348343;384;2840;6908;20981;0;36;0;64;6471;0;0;6;390
20120102;2;9;12195;ReprEvadiu;0;4;0;0;10;0;0.086674867;0.488806888;0.424518245;0;1057;5961;5177;0;8;0;37;6644;0;0;2;79
20120102;0;7;2320;ReprEvadiu;0;2;0;0;0;0;0;0.493534483;0.506465517;0;0;1145;1175;0;5;0;0;0;0;0;0;22
20120102;0;2;300;ReprEvadiu;0;0;0;0;0;0;0;0;1;0;0;0;300;0;0;0;0;0;0;0;0;2
20120102;3;19;38200;ReprEvadiu;4;44;9;119;8811;0;0.238272251;0.219973822;0.541753927;0;9102;8403;20695;0;12;0;76;6627;0;0;124;306
20120102;0;0;0;ReprEvadiu;0;0;0;0;0;0;0;0;0;0;0;0;0;0;0;0;0;0;0;0;0;0
20120102;0;1;47;ReprEvadiu;0;0;0;0;0;0;0;0;1;0;0;0;47;0;0;0;1;0;0;0;0;2
20120102;3;16;29254;ReprEvadiu;1;15;0;0;2533;0.455800916;0.045566418;0;0.498632666;13334;1333;0;14587;0;14;0;74;13299;0;0;1;219
20120102;4;22;18470;Sucesso;0;12;306;0;135;0.10730915;0;0.160314023;0.732376827;1982;0;2961;13527;0;23;0;45;6400;0;0;4;139
20120102;14;30;38278;ReprEvadiu;3;58;2502;11;2795;0;0.447463295;0.370682899;0.181853806;0;17128;14189;6961;0;22;0;169;8545;0;0;18;504
20120102;30;23;41147;ReprEvadiu;0;25;354;0;2046;0.289061171;0.008263057;0.082752084;0.619923688;11894;340;3405;25508;0;39;0;72;14590;0;0;4;318
20120102;0;5;1548;ReprEvadiu;0;1;0;0;0;0;0.224806202;0.387596899;0.387596899;0;348;600;600;0;0;0;2;321;0;0;0;8
20120102;15;26;34765;Sucesso;0;16;497;5;1781;0;0.044297426;0.279476485;0.676226089;0;1540;9716;23509;0;51;0;150;11221;0;0;9;419
20120102;21;23;68807;Sucesso;4;77;1260;2;1565;0.021058904;0.157309576;0.400075574;0.421555946;1449;10824;27528;29006;0;22;0;144;31086;0;0;28;709
20120102;0;0;0;ReprEvadiu;0;0;0;0;0;0;0;0;0;0;0;0;0;0;0;0;0;0;0;0;0;0
20120102;8;18;33035;Sucesso;3;46;2547;1;2550;0;0.009989405;0.137581353;0.852429242;0;330;4545;28160;0;13;0;83;8703;0;0;12;476
20120102;7;28;45281;Sucesso;9;67;723;0;1120;0.018418321;0.032441863;0.257635653;0.691504163;834;1469;11666;31312;0;31;0;63;11860;0;0;13;381
20120102;24;33;75683;Sucesso;18;126;4404;0;58;0.033693168;0.173116816;0.342481138;0.450708878;2550;13102;25920;34111;0;22;0;125;22806;0;0;24;640
20120102;5;19;13806;ReprEvadiu;1;14;0;0;76;0;0.153846154;0.271910763;0.574243083;0;2124;3754;7928;0;9;0;29;4169;0;0;3;130
20120102;1;11;7717;ReprEvadiu;0;5;0;0;0;0;0.041985227;0.421148115;0.536866658;0;324;3250;4143;0;13;0;48;2801;0;0;0;110
20120102;0;6;7075;ReprEvadiu;0;2;0;0;0;0;0;0.563533569;0.436466431;0;0;3987;3088;0;7;0;23;3953;0;0;2;51
20120102;9;15;15237;ReprEvadiu;0;0;37;0;2579;0;0.056966594;0.242173656;0.700859749;0;868;3690;10679;0;16;0;18;4400;0;0;4;92
20120102;11;25;30451;Sucesso;1;19;0;0;11;0.02121441;0.062395324;0.302059046;0.614331221;646;1900;9198;18707;0;14;0;47;11867;0;0;7;183
20120102;1;9;11425;ReprEvadiu;0;1;0;0;7;0;0.054617068;0.056805252;0.888577681;0;624;649;10152;0;11;0;15;4406;0;0;4;80
20120102;11;8;16364;ReprEvadiu;1;5;54;2;432;0;0;0.043204595;0.956795405;0;0;707;15657;0;3;0;36;7532;0;0;3;104
20120102;6;13;13688;ReprEvadiu;0;6;58;0;978;0;0.043834015;0.205873758;0.750292227;0;600;2818;10270;0;5;0;18;3594;0;0;0;88
20120102;6;13;13688;ReprEvadiu;0;6;58;0;978;0;0.043834015;0.205873758;0.750292227;0;600;2818;10270;0;5;0;18;3594;0;0;0;88
20120102;16;26;30130;ReprEvadiu;5;48;694;0;85;0;0.167972121;0.378360438;0.453667441;0;5061;11400;13669;0;16;0;99;12587;0;0;11;317
20120102;7;13;26939;ReprEvadiu;6;66;1181;0;0;0;0.226214782;0.470433201;0.303352018;0;6094;12673;8172;0;7;0;47;6610;0;0;8;280
20120102;2;10;31658;Sucesso;1;19;0;19;7716;0.009476278;0.012824563;0.040779582;0.936919578;300;406;1291;29661;0;15;0;60;11139;0;0;24;184
20120102;53;39;107829;Sucesso;5;73;753;32;11564;0.004405123;0.22706322;0.36994686;0.398584796;475;24484;39891;42979;0;27;0;242;35201;0;0;41;929
20120102;0;5;4255;ReprEvadiu;0;5;0;0;0;0;0;0.767097532;0.232902468;0;0;3264;991;0;7;0;40;1910;0;0;4;72
20120102;0;3;2745;ReprEvadiu;1;7;0;0;0;0;0.577413479;0.422586521;0;0;1585;1160;0;0;4;0;9;460;0;0;1;51
20120102;1;10;9726;ReprEvadiu;0;3;0;5;1397;0;0;0.294571252;0.705428748;0;0;2865;6861;0;15;0;18;2266;0;0;15;58
20120102;0;3;1159;ReprEvadiu;0;2;0;0;323;0.064710958;0;0.641069888;0.294219154;75;0;743;341;0;0;0;7;121;0;0;0;17
20120102;5;10;5069;ReprEvadiu;0;1;4;0;0;0;0;0.70941014;0.29058986;0;0;3596;1473;0;9;0;11;1625;0;0;2;38
20120102;7;20;23170;Sucesso;0;2;0;0;173;0.418860596;0.179283556;0.196763056;0.205092792;9705;4154;4559;4752;0;21;0;83;11577;0;0;10;186
20120102;5;19;47216;Sucesso;5;25;949;36;5957;0.02149695;0;0.145416808;0.833086242;1015;0;6866;39335;0;12;0;82;21592;0;0;45;272
20120102;1;8;2871;ReprEvadiu;0;2;0;0;0;0;0.774642982;0.225357018;0;0;2224;647;0;0;9;0;0;0;0;0;2;26
20120102;7;16;13307;Sucesso;0;10;622;0;308;0;0;0.1472909;0.8527091;0;0;1960;11347;0;21;0;36;4790;0;0;4;112
20120102;1;12;16851;ReprEvadiu;1;9;0;4;2194;0;0.069847487;0.350008902;0.580143612;0;1177;5898;9776;0;18;0;12;3507;0;0;9;95
20120102;0;0;0;ReprEvadiu;0;0;0;0;0;0;0;0;0;0;0;0;0;0;0;0;0;0;0;0;0;0
20120102;32;22;48104;Sucesso;2;46;2418;72;7584;0;0.113836687;0.09128139;0.794881923;0;5476;4391;38237;0;34;0;63;8916;0;0;78;376
20120102;6;18;24473;Sucesso;0;13;18;12;2849;0.044375434;0.084256119;0.471294896;0.40007355;1086;2062;11534;9791;0;27;0;38;6967;0;0;18;180
20120102;3;13;10868;Sucesso;2;12;0;0;0;0;0.160563121;0.353606919;0.48582996;0;1745;3843;5280;0;18;0;20;2780;0;0;8;96
20120102;27;23;29926;Sucesso;0;20;1282;12;1506;0.020049455;0.109002205;0.328777652;0.542170688;600;3262;9839;16225;0;25;0;82;9163;0;0;16;251
20120102;17;27;54210;Sucesso;0;68;556;6;3874;0;0.26779192;0.450525733;0.281682346;0;14517;24423;15270;0;49;0;150;8352;0;0;12;712
20120102;17;13;23337;ReprEvadiu;2;18;0;12;1574;0;0.14873377;0.082401337;0.768864893;0;3471;1923;17943;0;9;0;64;8585;0;0;18;199
20120102;4;22;25306;ReprEvadiu;0;9;0;0;0;0.012921837;0.246897969;0.405437446;0.334742749;327;6248;10260;8471;0;22;0;59;8979;0;0;0;174
20120102;3;7;13060;ReprEvadiu;1;4;0;0;9;0.061255743;0.060949464;0.05949464;0.818300153;800;796;777;10687;0;16;0;57;4821;0;0;1;124
20120102;0;7;8152;ReprEvadiu;1;13;0;0;619;0;0.038886163;0.442100098;0.519013739;0;317;3604;4231;0;14;0;17;1759;0;0;3;101
20120102;12;32;55915;Sucesso;7;58;1156;53;10677;0;0.04311902;0.314405795;0.642475186;0;2411;17580;35924;0;21;0;26;3777;0;0;66;327
20120102;0;7;8790;ReprEvadiu;0;7;0;0;0;0.048350398;0.043458476;0;0.908191126;425;382;0;7983;0;13;0;13;1447;0;0;2;71
20120102;3;20;27019;ReprEvadiu;2;14;0;0;309;0.080757985;0.284022355;0.168474037;0.466745623;2182;7674;4552;12611;0;12;0;48;11846;0;0;6;159
20120102;0;8;8182;ReprEvadiu;0;6;0;8;496;0.041432413;0;0.416890736;0.541676852;339;0;3411;4432;0;2;0;9;1004;0;0;8;61
20120102;0;0;0;ReprEvadiu;0;0;0;0;0;0;0;0;0;0;0;0;0;0;0;0;0;0;0;0;0;0
20120102;0;0;0;ReprEvadiu;0;0;0;0;0;0;0;0;0;0;0;0;0;0;0;0;0;0;0;0;0;0
20120102;6;24;61590;Sucesso;1;46;0;0;891;0.366260757;0.053937327;0.078665368;0.501136548;22558;3322;4845;30865;0;48;0;190;31588;0;0;6;477
20120102;0;4;11631;ReprEvadiu;1;6;0;0;0;0;0;0.191471069;0.808528931;0;0;2227;9404;0;4;0;18;5080;0;0;1;58
20120102;4;21;18254;ReprEvadiu;2;4;0;0;0;0.02114605;0.484606114;0.244603922;0.249643914;386;8846;4465;4557;0;30;0;28;4126;0;0;8;151
20120102;0;8;3307;ReprEvadiu;0;3;0;0;0;0;0.279407318;0.339885092;0.38070759;0;924;1124;1259;0;5;0;4;518;0;0;0;29
20120101;0;5;4877;ReprEvadiu;0;4;0;0;358;0;0.069509945;0.287881895;0.642608161;0;339;1404;3134;0;2;0;16;2908;0;0;0;71
20120101;1;3;4228;ReprEvadiu;2;6;0;0;160;0;0.309366131;0.165326395;0.525307474;0;1308;699;2221;0;0;0;4;1141;0;0;2;29
20120101;0;0;0;ReprEvadiu;0;0;0;0;0;0;0;0;0;0;0;0;0;0;0;0;0;0;0;0;0;0
20120101;0;8;14950;ReprEvadiu;1;5;0;0;0;0;0.342541806;0.02006689;0.637391304;0;5121;300;9529;0;6;0;34;4107;0;0;5;120
20120101;0;10;16072;ReprEvadiu;1;25;0;9;1444;0.130350921;0.118653559;0;0.75099552;2095;1907;0;12070;0;6;0;52;6860;0;0;14;181
20120101;0;10;7643;ReprEvadiu;0;2;0;0;0;0;0.201099045;0.480570457;0.318330498;0;1537;3673;2433;0;3;0;20;2686;0;0;0;45
20120101;0;4;1890;ReprEvadiu;1;5;0;0;0;0;0;0.556084656;0.443915344;0;0;1051;839;0;5;0;6;596;0;0;1;52
20120101;0;4;4791;ReprEvadiu;1;5;0;0;0;0;0;0;1;0;0;0;4791;0;1;0;13;1632;0;0;1;41
20120101;16;17;27989;ReprEvadiu;2;14;89;36;2752;0;0.042016506;0.250562721;0.707420772;0;1176;7013;19800;0;14;0;69;13878;0;0;46;202
20120101;4;14;14609;ReprEvadiu;1;7;0;5;947;0;0;0;1;0;0;0;14609;0;8;0;24;5445;0;0;10;95
20120101;8;25;23912;Sucesso;0;24;675;0;585;0;0.093342255;0.342631315;0.56402643;0;2232;8193;13487;0;22;0;113;10192;0;0;10;258
20120101;12;21;45504;ReprEvadiu;0;21;8;58;8050;0;0.042589662;0.364583333;0.592827004;0;1938;16590;26976;0;22;0;104;14685;0;0;68;469
20120101;8;25;35391;ReprEvadiu;1;19;392;0;800;0.070611172;0.188550761;0.49586053;0.244977537;2499;6673;17549;8670;0;10;0;130;19666;0;0;5;273
20120101;21;36;45423;Sucesso;3;27;481;35;4789;0.006934813;0.039693547;0.136362636;0.817009004;315;1803;6194;37111;0;15;0;68;8642;0;0;42;396
20120101;5;15;10643;ReprEvadiu;1;7;0;0;15;0;0.330264023;0.280559992;0.389175984;0;3515;2986;4142;0;14;0;9;2268;0;0;5;80
20120101;8;21;52063;Sucesso;8;43;355;25;3525;0.137333615;0.047807464;0.246144095;0.568714826;7150;2489;12815;29609;0;9;0;49;15366;0;0;37;298
20120101;0;3;1897;ReprEvadiu;0;3;0;0;0;0;0;1;0;0;0;1897;0;0;1;0;8;963;0;0;0;25
20120101;10;11;18964;ReprEvadiu;0;5;0;0;28;0;0;0.099082472;0.900917528;0;0;1879;17085;0;7;0;50;12631;0;0;2;109
20120101;10;22;31415;ReprEvadiu;1;16;309;3;2284;0;0.096005093;0.300334235;0.603660672;0;3016;9435;18964;0;23;0;72;12425;0;0;8;290
20120101;3;16;23892;ReprEvadiu;1;13;0;80;9176;0;0.08839779;0.163318266;0.748283944;0;2112;3902;17878;0;5;0;77;5788;0;0;85;208
20120101;5;11;6650;ReprEvadiu;0;0;0;0;754;0.052030075;0.17593985;0.19443609;0.577593985;346;1170;1293;3841;0;5;0;21;2344;0;0;4;45
20120101;4;26;25930;ReprEvadiu;8;43;911;0;311;0;0.060856151;0.408831469;0.530312379;0;1578;10601;13751;0;7;0;27;6723;0;0;10;203
20120101;5;14;14646;ReprEvadiu;0;2;91;14;2527;0;0.117574764;0.462447085;0.419978151;0;1722;6773;6151;0;14;0;79;6292;0;0;18;143
20120101;5;13;16283;ReprEvadiu;0;4;0;0;2564;0;0.041024381;0.096419579;0.86255604;0;668;1570;14045;0;5;0;40;8620;0;0;2;129
20120101;5;14;17713;Sucesso;1;7;3;0;0;0.01947722;0;0.069440524;0.911082256;345;0;1230;16138;0;7;0;46;11225;0;0;6;161
20120101;1;17;18377;ReprEvadiu;2;13;0;0;0;0;0.548674974;0.131142189;0.320182837;0;10083;2410;5884;0;10;0;85;10327;0;0;6;191
20120101;2;14;9122;ReprEvadiu;0;4;300;0;300;0;0.233939925;0.59383907;0.172221004;0;2134;5417;1571;0;15;0;26;3304;0;0;8;90
20120201;13;27;18600;Sucesso;0;10;0;0;174;0;0.560806452;0.423064516;0.016129032;0;10431;7869;300;0;21;0;23;2753;0;0;6;197
20120201;0;11;6949;ReprEvadiu;0;0;0;0;1198;0.299035832;0.376313139;0.009641675;0.315009354;2078;2615;67;2189;0;11;0;14;2038;0;0;0;85
20120201;2;19;18322;ReprEvadiu;1;13;0;0;473;0;0;0.151457264;0.848542736;0;0;2775;15547;0;3;0;29;6008;0;0;3;110
20120201;9;13;9000;Sucesso;2;9;1387;0;0;0;0.077111111;0.36;0.562888889;0;694;3240;5066;0;4;0;37;4079;0;0;6;82
20120201;21;28;48889;Sucesso;1;11;30;0;623;0.012272699;0.199860909;0.562253268;0.225613124;600;9771;27488;11030;0;18;0;107;22581;0;0;7;306
20120201;1;10;4423;ReprEvadiu;0;1;0;0;0;0;0.318562062;0.275152611;0.406285327;0;1409;1217;1797;0;1;0;17;2315;0;0;0;36
20120201;0;2;433;ReprEvadiu;0;3;0;0;0;0;0.094688222;0.905311778;0;0;41;392;0;0;0;0;1;0;0;0;0;10
20120201;12;26;25928;Sucesso;0;27;50;20;3803;0.036678494;0.023141006;0.113969454;0.826211046;951;600;2955;21422;0;17;0;31;5025;0;0;24;202
20120201;6;20;8229;ReprEvadiu;0;4;0;0;306;0;0;0.227731195;0.772268805;0;0;1874;6355;0;10;0;13;1704;0;0;4;67
20120201;0;4;1725;ReprEvadiu;0;0;0;0;0;0;0.365797101;0.460289855;0.173913043;0;631;794;300;0;1;0;3;1086;0;0;0;7
20120201;4;25;33766;Sucesso;6;49;300;0;582;0.031451756;0;0.344370076;0.624178167;1062;0;11628;21076;0;14;0;74;11597;0;0;16;255
20120201;2;10;13150;ReprEvadiu;0;4;8;7;1002;0;0.133307985;0.045627376;0.821064639;0;1753;600;10797;0;3;0;34;5936;0;0;7;94
20120201;1;5;7605;ReprEvadiu;0;2;0;0;0;0;0;0.180407627;0.819592373;0;0;1372;6233;0;1;0;18;2599;0;0;0;53
20120201;0;3;5526;ReprEvadiu;1;12;0;0;0;0;0;0.079623598;0.920376402;0;0;440;5086;0;0;0;2;343;0;0;1;53
20120201;0;2;802;ReprEvadiu;0;0;0;0;0;0;1;0;0;0;802;0;0;0;0;0;2;370;0;0;0;6
20120201;5;8;26304;Sucesso;0;10;0;0;0;0.011405109;0.102798054;0.240229623;0.645567214;300;2704;6319;16981;0;11;0;42;8889;0;0;4;179
20120201;5;26;41246;Sucesso;2;28;1255;69;7309;0.016850119;0;0.109901566;0.873248315;695;0;4533;36018;0;16;0;106;16310;0;0;83;250
20120201;5;16;16722;ReprEvadiu;1;13;429;0;935;0;0.279332616;0.344336802;0.376330582;0;4671;5758;6293;0;4;0;36;6268;0;0;1;144
20120201;1;6;9780;ReprEvadiu;1;11;0;0;328;0;0;0.058793456;0.941206544;0;0;575;9205;0;0;0;19;3010;0;0;1;80
20120201;2;14;12856;Sucesso;0;9;247;0;0;0;0;0.279247044;0.720752956;0;0;3590;9266;0;8;0;22;6400;0;0;4;71
20120201;0;6;6474;ReprEvadiu;1;5;0;0;300;0;0.059159716;0.161260426;0.779579858;0;383;1044;5047;0;2;0;33;2663;0;0;3;62
20120201;1;7;3928;ReprEvadiu;0;0;0;0;0;0;0.417769857;0.33808554;0.244144603;0;1641;1328;959;0;6;0;6;1669;0;0;4;31
20120201;0;14;19366;ReprEvadiu;0;6;0;18;3114;0.015800888;0.001239285;0.157492513;0.825467314;306;24;3050;15986;0;5;0;55;11499;0;0;18;152
20120201;5;21;22439;Sucesso;1;7;11;0;0;0.027853291;0.275547039;0.497259236;0.199340434;625;6183;11158;4473;0;11;0;44;9859;0;0;5;111
20120201;4;27;25786;ReprEvadiu;0;8;0;14;3316;0;0.283642287;0.226634608;0.489723106;0;7314;5844;12628;0;12;0;62;9031;0;0;16;169
20120201;13;29;58816;Sucesso;6;65;155;103;9302;0.005100653;0.318450762;0.24437228;0.432076306;300;18730;14373;25413;0;17;0;113;19783;0;0;121;450
20120201;0;8;10302;ReprEvadiu;1;9;0;0;707;0;0;0;1;0;0;0;10302;0;1;0;28;4092;0;0;1;102
20120201;0;12;9533;ReprEvadiu;0;5;0;0;0;0;0.168152733;0.035350886;0.796496381;0;1603;337;7593;0;7;0;38;4282;0;0;0;103
20120201;2;21;32820;ReprEvadiu;0;38;0;1;1207;0.012065814;0.390067032;0.211395491;0.386471664;396;12802;6938;12684;0;36;0;67;9192;0;0;3;307
20120201;10;20;13959;ReprEvadiu;4;12;0;0;181;0.263271008;0.023855577;0.195716026;0.517157389;3675;333;2732;7219;0;17;0;9;1682;0;0;8;120
20120201;0;1;96;ReprEvadiu;0;0;0;0;0;0;0;0;1;0;0;0;96;0;0;0;0;0;0;0;0;2
20120201;20;15;37003;ReprEvadiu;2;21;112;10;1560;0;0.076669459;0.149096019;0.774234522;0;2837;5517;28649;0;64;0;41;8210;0;0;24;339
20120201;0;5;5031;ReprEvadiu;0;0;0;0;0;0;0.366726297;0.633273703;0;0;1845;3186;0;0;8;0;21;2591;0;0;0;45
20120201;6;17;29693;ReprEvadiu;4;18;0;53;3555;0.013370155;0;0.32071532;0.665914525;397;0;9523;19773;0;20;0;71;14851;0;0;61;190
20120201;6;20;15363;Sucesso;1;4;0;0;1427;0;0.084944347;0.022000911;0.893054742;0;1305;338;13720;0;20;0;9;2675;0;0;7;87
20120201;0;3;2590;ReprEvadiu;1;6;0;9;641;0.147876448;0;0;0.852123552;383;0;0;2207;0;0;0;4;711;0;0;10;25
20120201;0;6;2841;ReprEvadiu;0;2;0;0;0;0;0;0.467441042;0.532558958;0;0;1328;1513;0;8;0;6;545;0;0;0;35
20120201;13;14;25421;Sucesso;5;61;279;0;865;0.081350065;0.02316982;0.374886905;0.52059321;2068;589;9530;13234;0;19;0;40;6327;0;0;9;302
20120201;0;4;2046;ReprEvadiu;0;0;0;0;0;0;0.240957967;0.495112414;0.263929619;0;493;1013;540;0;7;0;7;884;0;0;0;21
20120201;6;17;15394;ReprEvadiu;0;1;0;0;0;0;0.102637391;0.329543978;0.567818631;0;1580;5073;8741;0;13;0;30;6177;0;0;0;108
20120201;3;9;7103;Sucesso;0;11;0;0;163;0.056314233;0.253695622;0.141911868;0.548078277;400;1802;1008;3893;0;16;0;11;913;0;0;7;89
20120201;5;27;56834;ReprEvadiu;10;29;0;12;2584;0;0.154748918;0.296354295;0.548896787;0;8795;16843;31196;0;34;0;121;23351;0;0;29;381
20120201;0;16;26910;ReprEvadiu;1;8;0;84;9818;0;0.176588629;0.087736901;0.73567447;0;4752;2361;19797;0;22;0;57;8364;0;0;97;155
20120201;14;18;26180;ReprEvadiu;2;11;3096;0;0;0;0.266539343;0.208403361;0.525057296;0;6978;5456;13746;0;33;0;149;11730;0;0;8;271
20120201;35;28;83345;ReprEvadiu;14;57;5146;104;12663;0;0.309868618;0.326942228;0.363189154;0;25826;27249;30270;0;28;0;112;20436;0;0;123;475
20120201;0;5;25049;ReprEvadiu;1;15;0;21;1311;0;0.613796958;0.182242804;0.203960238;0;15375;4565;5109;0;19;0;39;7679;0;0;24;206
20120201;1;10;12917;Sucesso;1;9;0;0;308;0.0298831;0;0.141828598;0.828288302;386;0;1832;10699;0;21;0;20;4772;0;0;5;98
20120201;4;21;24649;ReprEvadiu;1;9;0;0;190;0.036512637;0.333441519;0.473690616;0.156355227;900;8219;11676;3854;0;17;0;38;6977;0;0;3;152
20120201;0;10;31384;ReprEvadiu;2;13;0;16;1828;0;0.185827173;0.159189396;0.654983431;0;5832;4996;20556;0;27;0;68;10494;0;0;19;242
20120202;0;7;2335;ReprEvadiu;0;2;0;0;66;0;0;0.321627409;0.678372591;0;0;751;1584;0;3;0;4;181;0;0;0;24
20120202;7;22;46468;Sucesso;3;35;270;34;5139;0.085865542;0.044202462;0.083928725;0.786003271;3990;2054;3900;36524;0;19;0;75;21797;0;0;43;283
20120202;0;5;7093;ReprEvadiu;0;0;0;0;0;0;0.519244325;0.050613281;0.430142394;0;3683;359;3051;0;13;0;4;739;0;0;6;54
20120202;0;12;13140;ReprEvadiu;1;4;0;0;0;0;0.276788432;0.157305936;0.565905632;0;3637;2067;7436;0;15;0;12;2490;0;0;5;75
20120202;4;11;12595;Sucesso;1;8;15;0;0;0.024454148;0.127034538;0.528463676;0.320047638;308;1600;6656;4031;0;33;0;22;5202;0;0;5;97
20120202;6;7;15123;ReprEvadiu;3;29;22;0;360;0.028830259;0.238775375;0.345764729;0.386629637;436;3611;5229;5847;0;8;0;7;1514;0;0;7;106
20120202;0;9;3037;ReprEvadiu;0;12;0;0;311;0;0.133684557;0.644056635;0.222258808;0;406;1956;675;0;2;0;5;665;0;0;0;43
20120202;3;10;7050;ReprEvadiu;0;2;0;0;0;0.117163121;0;0.064680851;0.818156028;826;0;456;5768;0;12;0;20;2392;0;62;5;60
20120202;0;10;5345;ReprEvadiu;0;2;0;0;0;0;0.182413471;0.396632367;0.420954163;0;975;2120;2250;0;11;0;16;1529;0;0;2;43
20120202;3;10;12973;ReprEvadiu;0;3;0;15;5055;0;0.047020735;0.023124952;0.929854313;0;610;300;12063;0;8;0;12;1805;0;0;19;63
20120202;9;35;60811;Sucesso;4;72;568;10;5619;0;0.165019487;0.077601092;0.757379421;0;10035;4719;46057;0;26;0;112;10528;0;300;18;532
20120202;15;22;50390;Sucesso;6;63;356;29;5579;0;0.006529073;0.180075412;0.813395515;0;329;9074;40987;0;20;0;115;19415;0;0;41;472
20120202;7;22;40463;Sucesso;12;34;0;0;67;0.050614141;0.067073623;0.336801522;0.545510713;2048;2714;13628;22073;0;22;0;113;17432;0;17;27;325
20120202;0;9;19640;ReprEvadiu;1;19;0;16;4114;0;0.024898167;0.159114053;0.81598778;0;489;3125;16026;0;20;0;51;4904;0;0;19;214
20120202;1;23;28842;Sucesso;1;41;0;32;5292;0.024928923;0.060016642;0.524998266;0.390056168;719;1731;15142;11250;0;12;0;72;5251;0;0;39;327
20120202;4;19;19114;ReprEvadiu;1;16;0;0;25;0;0;0.09375327;0.90624673;0;0;1792;17322;0;18;0;34;4932;0;0;7;156
20120202;0;0;0;ReprEvadiu;0;0;0;0;0;0;0;0;0;0;0;0;0;0;0;0;0;0;0;0;0;0
20120202;7;17;14356;ReprEvadiu;0;1;0;0;0;0;0.154430203;0.151713569;0.693856227;0;2217;2178;9961;0;12;0;12;3455;0;22;2;76
20120202;0;6;4490;ReprEvadiu;0;0;0;0;0;0;0;0.539420935;0.460579065;0;0;2422;2068;0;2;0;6;1457;0;0;0;20
20120202;8;23;42343;Sucesso;5;36;39;21;4694;0.007982429;0.187587086;0.266277779;0.538152705;338;7943;11275;22787;0;26;0;106;15075;0;12;31;303
20120202;5;24;16035;Sucesso;1;8;0;3;1089;0.042531961;0.018709074;0.378297474;0.56046149;682;300;6066;8987;0;17;0;20;1545;0;0;10;120
20120202;15;32;52384;Sucesso;3;43;412;28;8213;0;0.111388974;0.368032224;0.520578803;0;5835;19279;27270;0;29;0;168;17543;0;186;35;551
20120202;8;18;15703;ReprEvadiu;1;5;0;27;5315;0;0.167611284;0.202254346;0.630134369;0;2632;3176;9895;0;21;0;28;1529;0;0;34;106
20120202;0;18;13946;ReprEvadiu;0;2;0;0;1338;0;0.194464363;0.319159616;0.486376022;0;2712;4451;6783;0;5;0;24;4975;0;0;0;96
20120202;47;42;81814;Sucesso;9;73;2803;8;6041;0.013970714;0.103063045;0.204219327;0.678746914;1143;8432;16708;55531;0;57;0;97;21589;0;303;27;560
20120202;22;35;54415;Sucesso;12;51;2033;40;4886;0;0.197647707;0.25483782;0.547514472;0;10755;13867;29793;0;27;0;117;14088;0;0;56;446
20120202;28;28;63339;Sucesso;6;53;1850;80;6027;0.006252072;0.024013641;0.270102149;0.699632138;396;1521;17108;44314;0;24;0;113;22168;0;26;92;450
20120202;7;23;24267;Sucesso;1;24;795;0;0;0;0.516256645;0.460254667;0.023488688;0;12528;11169;570;0;22;0;51;9509;0;14;5;204
20120202;5;28;17900;ReprEvadiu;0;13;68;0;0;0.15424581;0.447430168;0.036871508;0.361452514;2761;8009;660;6470;0;20;0;26;5685;0;0;4;132
20120202;21;31;59131;Sucesso;14;83;704;0;0;0;0.325599094;0.433241447;0.24115946;0;19253;25618;14260;0;35;0;57;9572;0;300;18;528
20120202;10;13;35407;Sucesso;3;15;233;3;1745;0.181263592;0.308837236;0.171096111;0.338803062;6418;10935;6058;11996;0;28;0;125;20041;0;0;12;320
20120202;2;16;13100;ReprEvadiu;1;10;0;0;26;0;0.237633588;0.097175573;0.66519084;0;3113;1273;8714;0;17;0;21;3731;0;0;7;93
20120202;8;16;23681;ReprEvadiu;1;6;0;0;0;0.09623749;0.181960221;0.420717031;0.301085258;2279;4309;9963;7130;0;19;0;67;13071;0;0;3;160
20120202;0;11;9603;ReprEvadiu;0;0;0;0;0;0;0.142663751;0.373424971;0.483911278;0;1370;3586;4647;0;13;0;33;4520;0;0;0;104
20120202;9;17;26895;ReprEvadiu;0;8;44;0;29;0.103662391;0.070719465;0.121769846;0.703848299;2788;1902;3275;18930;0;29;0;163;13549;0;25;4;319
20120202;2;15;22379;ReprEvadiu;0;32;1116;0;1214;0;0;0.362795478;0.637204522;0;0;8119;14260;0;14;0;29;2639;0;0;2;200
20120202;1;15;14378;ReprEvadiu;0;3;0;19;3361;0;0.085825567;0.164278759;0.749895674;0;1234;2362;10782;0;11;0;29;2880;0;0;19;95
20120202;4;17;8614;Sucesso;0;1;0;0;0;0.035175296;0.057348502;0.383097283;0.524378918;303;494;3300;4517;0;12;0;11;1379;0;0;2;47
20120202;0;0;0;ReprEvadiu;0;0;0;0;0;0;0;0;0;0;0;0;0;0;0;0;0;0;0;0;0;0
20120202;5;19;22321;Sucesso;3;24;0;0;142;0.038573541;0.015501098;0.241431835;0.704493526;861;346;5389;15725;0;19;0;31;5203;0;0;5;175
20120202;3;11;11236;ReprEvadiu;0;4;0;0;0;0;0.475970096;0.067372731;0.456657173;0;5348;757;5131;0;23;0;24;2741;0;0;6;93
20120202;14;20;62625;Sucesso;8;53;2953;0;1319;0.068471058;0.094738523;0.208271457;0.628518962;4288;5933;13043;39361;0;36;0;110;23465;0;0;12;393
20120202;0;7;3045;ReprEvadiu;0;2;0;0;339;0;0.102463054;0.37635468;0.521182266;0;312;1146;1587;0;2;0;2;315;0;0;0;26
20120202;0;2;2148;ReprEvadiu;0;3;0;0;21;0;0.57867784;0.358007449;0.063314711;0;1243;769;136;0;0;0;6;416;0;0;0;32
20120202;11;33;31587;Sucesso;0;3;0;2;1771;0;0.280621775;0.062430747;0.656947478;0;8864;1972;20751;0;16;0;83;10247;0;67;6;221
20120202;6;13;16344;ReprEvadiu;2;23;0;51;3759;0.050660793;0;0.020068527;0.92927068;828;0;328;15188;0;21;0;16;2109;0;0;59;151
20120202;0;5;5531;ReprEvadiu;0;5;0;2;458;0;0.230699693;0.506418369;0.262881938;0;1276;2801;1454;0;15;0;18;820;0;0;4;81
20120202;10;25;23850;ReprEvadiu;0;25;66;0;0;0;0.241844864;0.643396226;0.11475891;0;5768;15345;2737;0;26;0;41;3595;0;0;4;207
20120202;4;8;5993;ReprEvadiu;0;5;0;0;0;0;0.050058401;0.061404972;0.888536626;0;300;368;5325;0;10;0;14;2453;0;0;4;61
20120202;3;10;8045;Sucesso;1;3;0;0;0;0;0.170416408;0.214170292;0.6154133;0;1371;1723;4951;0;11;0;16;2757;0;0;5;73
20120202;0;8;4318;ReprEvadiu;0;8;0;3;637;0;0.288791107;0.258916165;0.452292728;0;1247;1118;1953;0;0;0;2;364;0;0;3;37
20120202;1;2;1451;ReprEvadiu;0;1;0;0;0;0;0;0;1;0;0;0;1451;0;0;0;6;1278;0;0;0;11
20120202;11;19;20699;Sucesso;0;21;9;0;514;0.10251703;0.015169815;0.517754481;0.364558674;2122;314;10717;7546;0;15;0;32;8860;0;0;4;173
20120202;8;18;12141;ReprEvadiu;0;2;0;4;1166;0.251709085;0.024709661;0.308706037;0.414875216;3056;300;3748;5037;0;5;0;23;6243;0;0;8;61
20120202;4;26;39456;Sucesso;1;21;603;0;952;0;0.028056569;0.008667883;0.963275547;0;1107;342;38007;0;17;0;89;18336;0;0;5;262
20120202;0;13;12666;ReprEvadiu;1;10;0;0;997;0.031817464;0.031896416;0.267566714;0.668719406;403;404;3389;8470;0;10;0;24;5628;0;0;3;87
20120202;4;16;17322;Sucesso;1;5;0;0;0;0;0.069449255;0.19125967;0.739291075;0;1203;3313;12806;0;5;0;73;9519;0;0;5;143
20120202;1;19;10383;Sucesso;1;5;0;0;0;0;0;0.169411538;0.830588462;0;0;1759;8624;0;7;0;24;3648;0;0;5;76
20120202;0;6;10343;ReprEvadiu;0;4;0;3;244;0.141931741;0;0;0.858068259;1468;0;0;8875;0;1;0;26;5048;0;0;3;65
20120202;13;18;23799;ReprEvadiu;1;7;0;28;6369;0;0.041304256;0.204672465;0.754023278;0;983;4871;17945;0;9;0;103;10690;0;83;33;202
20120202;3;15;20938;Sucesso;0;5;324;0;8;0;0.329639889;0.246585156;0.423774955;0;6902;5163;8873;0;8;0;65;11429;0;0;4;125
20120202;0;4;4298;ReprEvadiu;0;0;0;0;0;0;0;0.406468125;0.593531875;0;0;1747;2551;0;2;0;13;1047;0;0;0;56
20120202;16;33;80411;Sucesso;0;25;1212;0;1120;0;0.392471179;0.435164343;0.172364477;0;31559;34992;13860;0;24;0;286;49555;0;24;6;536
20120202;0;9;9935;ReprEvadiu;1;5;0;1;2622;0.084750881;0;0.452038249;0.463210871;842;0;4491;4602;0;2;0;13;2467;0;0;2;60
20120202;1;18;13434;ReprEvadiu;2;3;0;0;0;0.022331398;0;0.103841;0.873827602;300;0;1395;11739;0;2;0;17;5809;0;0;2;57
20120202;4;27;61345;ReprEvadiu;10;93;326;0;3647;0;0.463477056;0.449751406;0.086771538;0;28432;27590;5323;0;28;0;173;31238;0;300;23;581
20120202;0;17;16132;ReprEvadiu;1;5;0;0;638;0;0.760971981;0.056905529;0.182122489;0;12276;918;2938;0;1;0;22;5667;0;0;1;90
20120202;70;42;127805;Sucesso;8;184;1642;236;11790;0.105793983;0.114925081;0.383850397;0.395430539;13521;14688;49058;50538;0;31;0;220;34394;1;942;259;978
20120202;0;4;3929;ReprEvadiu;0;6;0;2;670;0;0;0;1;0;0;0;3929;0;0;0;7;974;0;0;2;32
20120202;9;12;14900;ReprEvadiu;0;4;381;13;1835;0;0.130201342;0.22295302;0.646845638;0;1940;3322;9638;0;0;0;37;8704;0;0;13;85
20120202;6;12;20822;Sucesso;2;9;0;0;0;0;0.195994621;0.583853616;0.220151763;0;4081;12157;4584;0;9;0;36;7591;0;613;7;116
20120202;15;29;55951;Sucesso;3;45;33;40;8321;0;0;0.702650534;0.297349466;0;0;39314;16637;0;17;0;129;24539;0;0;49;416
20120202;21;28;79692;ReprEvadiu;4;59;599;0;53;0.099395171;0.164508357;0.344011946;0.392084525;7921;13110;27415;31246;0;28;0;299;52011;0;0;14;631
20120202;0;4;2720;ReprEvadiu;1;3;0;0;0;0;0.220588235;0;0.779411765;0;600;0;2120;0;0;0;3;185;0;0;1;18
20120202;0;0;0;ReprEvadiu;0;0;0;0;0;0;0;0;0;0;0;0;0;0;0;0;0;0;0;0;0;0
20120202;0;12;16213;ReprEvadiu;0;3;0;9;1391;0;0.097205946;0.275272929;0.627521125;0;1576;4463;10174;0;1;0;47;8049;0;0;9;100
20120202;0;12;11376;ReprEvadiu;0;4;0;0;319;0;0.028041491;0.776898734;0.195059775;0;319;8838;2219;0;6;0;56;7954;0;0;0;98
20120202;4;21;16152;Sucesso;0;6;0;0;671;0.175086677;0;0.160908866;0.664004458;2828;0;2599;10725;0;6;0;37;8832;0;0;4;108
20120202;0;2;3531;ReprEvadiu;0;3;0;0;0;0;0;0.957519116;0.042480884;0;0;3381;150;0;0;0;4;1591;0;0;0;25
20120202;0;9;3272;ReprEvadiu;0;4;0;0;0;0.116748166;0;0.358190709;0.525061125;382;0;1172;1718;0;4;0;11;1120;0;0;0;35
20120202;1;10;13455;ReprEvadiu;1;12;0;0;0;0.024451877;0;0.022296544;0.953251579;329;0;300;12826;0;2;0;33;5635;0;0;2;125
20120202;10;29;56609;Sucesso;2;23;11;0;1586;0.012665831;0.254270522;0.231835927;0.50122772;717;14394;13124;28374;0;13;0;208;31552;0;0;8;488
20120202;0;4;2331;ReprEvadiu;0;1;0;0;0;0;0;0;1;0;0;0;2331;0;1;0;3;370;0;0;0;20
20120202;0;4;2008;ReprEvadiu;0;3;0;0;0;0;0.273406375;0.547310757;0.179282869;0;549;1099;360;0;0;0;16;1375;0;0;0;32
20120202;0;0;0;ReprEvadiu;0;0;0;0;0;0;0;0;0;0;0;0;0;0;0;0;0;0;0;0;0;0
20120202;1;3;900;ReprEvadiu;0;0;0;0;0;0;0;0.333333333;0.666666667;0;0;300;600;0;0;0;0;0;0;0;0;4
20120202;3;15;12258;Sucesso;3;10;0;1;326;0;0.147332354;0.157285038;0.695382607;0;1806;1928;8524;0;5;0;66;5215;0;0;8;126
20120202;0;7;12811;Sucesso;0;4;0;0;20;0;0.045741941;0.757864335;0.196393724;0;586;9709;2516;0;7;0;32;6182;0;0;4;106
20120202;0;2;1232;ReprEvadiu;0;0;0;0;0;0;0;0;1;0;0;0;1232;0;0;0;0;0;0;0;0;4
20120202;0;0;0;ReprEvadiu;0;0;0;0;0;0;0;0;0;0;0;0;0;0;0;0;0;0;0;0;0;0
20120202;0;0;0;ReprEvadiu;0;0;0;0;0;0;0;0;0;0;0;0;0;0;0;0;0;0;0;0;0;0
20120202;26;34;72471;Sucesso;0;36;1011;11;2714;0;0.346524817;0.244014847;0.409460336;0;25113;17684;29674;0;10;0;173;28952;0;0;15;503
20120202;0;0;0;ReprEvadiu;0;0;0;0;0;0;0;0;0;0;0;0;0;0;0;0;0;0;0;0;0;0
20120202;0;18;18812;ReprEvadiu;1;94;0;0;0;0;0.637252817;0.362747183;0;0;11988;6824;0;0;3;0;77;3933;0;0;3;441
20120202;0;8;14184;ReprEvadiu;1;10;0;0;0;0;0.064015792;0.174844896;0.761139312;0;908;2480;10796;0;5;0;40;4360;0;0;5;122
20120202;8;10;6759;ReprEvadiu;0;0;0;0;300;0.139961533;0;0.249593135;0.610445332;946;0;1687;4126;0;8;0;12;2707;0;0;4;44
20120202;3;15;16103;ReprEvadiu;0;5;0;0;607;0.029373409;0.018630069;0.144569335;0.807427187;473;300;2328;13002;0;5;0;32;5193;0;0;2;111
20120202;0;7;9009;ReprEvadiu;0;2;0;0;0;0;0.118992119;0.706626707;0.174381174;0;1072;6366;1571;0;2;0;34;6013;0;0;2;52
20120202;18;33;66533;Sucesso;21;98;3259;5;3792;0;0.371214285;0.466324982;0.162460734;0;24698;31026;10809;0;12;0;108;17876;0;0;36;510
20120202;8;21;50765;Sucesso;0;20;1063;0;399;0;0.129695656;0.300305328;0.569999015;0;6584;15245;28936;0;20;0;127;29808;0;0;4;266
20120202;21;20;46684;Sucesso;2;34;258;8;2563;0;0.046075743;0.183810299;0.770113958;0;2151;8581;35952;0;19;0;102;23344;0;0;16;307
20120202;26;28;54774;Sucesso;16;73;2727;18;2715;0;0.02603425;0.074141016;0.899824734;0;1426;4061;49287;0;23;0;141;14936;0;0;45;514
20120202;11;22;38490;Sucesso;0;9;0;0;0;0;0.283580151;0.289114056;0.427305794;0;10915;11128;16447;0;17;0;79;20509;0;0;10;237
20120202;5;16;17754;Sucesso;0;8;0;14;3033;0;0.119184409;0.129998873;0.750816717;0;2116;2308;13330;0;11;0;23;3642;0;0;18;107
20120202;0;3;4380;ReprEvadiu;0;1;0;1;135;0;0;0.219178082;0.780821918;0;0;960;3420;0;0;0;8;1721;0;0;1;17
20120202;10;28;41791;Sucesso;7;38;1397;4;1299;0;0.25993635;0.413127228;0.326936422;0;10863;17265;13663;0;14;0;96;18737;0;0;19;283
20120202;18;16;11033;Sucesso;0;2;94;0;47;0.031632376;0.224689568;0.245989305;0.497688752;349;2479;2714;5491;0;20;0;23;4382;0;0;6;102
20120202;5;13;26874;Sucesso;0;7;0;0;285;0;0;0.760660862;0.239339138;0;0;20442;6432;0;6;0;62;15436;0;0;4;153
20120202;1;14;30770;ReprEvadiu;11;34;118;0;514;0;0.015729607;0.146896328;0.837374066;0;484;4520;25766;0;8;0;32;10106;0;0;15;155
20120202;0;3;1770;ReprEvadiu;0;0;0;0;0;0;0;0;1;0;0;0;1770;0;0;0;3;984;0;0;0;15
20120202;2;26;29045;ReprEvadiu;0;3;0;0;699;0.022861078;0.080220348;0.124393183;0.772525392;664;2330;3613;22438;0;6;0;67;11483;0;0;4;202
20120202;0;3;1654;ReprEvadiu;0;1;0;0;0;0;0;0.181378476;0.818621524;0;0;300;1354;0;2;0;8;343;0;0;0;27
20120202;2;21;20096;ReprEvadiu;1;12;0;0;808;0;0;0.120521497;0.879478503;0;0;2422;17674;0;8;0;76;10188;0;0;5;173
20120202;0;10;11474;ReprEvadiu;0;3;0;0;18;0;0.57286038;0.090378246;0.336761374;0;6573;1037;3864;0;6;0;54;8088;0;0;2;81
20120202;0;5;3167;ReprEvadiu;1;7;0;0;0;0;0.586675087;0.111777708;0.301547206;0;1858;354;955;0;0;0;2;987;0;0;1;36
20120202;6;16;29028;ReprEvadiu;4;13;300;0;0;0.010334849;0.526250517;0.392999862;0.070414772;300;15276;11408;2044;0;43;0;55;18317;0;0;33;210
20120202;16;29;60657;Sucesso;1;12;1231;30;6899;0.088992202;0.015381572;0.017409367;0.878216859;5398;933;1056;53270;0;21;0;124;32176;0;0;41;368
20120202;5;17;26755;Sucesso;0;7;0;9;3093;0.011212857;0.011212857;0.119566436;0.858007849;300;300;3199;22956;0;6;0;63;12624;0;0;13;173
20120202;11;30;53702;Sucesso;0;44;390;10;4538;0.096402369;0.118170645;0.344903356;0.44052363;5177;6346;18522;23657;0;7;0;129;24617;0;0;14;367
20120202;0;2;370;ReprEvadiu;0;1;0;0;0;0;0;0;1;0;0;0;370;0;0;0;1;300;0;0;0;4
20120202;18;20;42718;Sucesso;4;24;2707;49;7126;0;0.13284798;0.088487289;0.778664731;0;5675;3780;33263;0;17;0;88;20583;0;0;61;246
20120202;3;17;15640;Sucesso;0;3;536;0;1362;0;0;0.176534527;0.823465473;0;0;2761;12879;0;6;0;47;9234;0;0;4;97
20120202;2;32;42234;ReprEvadiu;5;19;52;36;6653;0.025382393;0.040133542;0.290926741;0.643557323;1072;1695;12287;27180;0;16;0;69;15407;0;0;45;306
20120202;4;18;29168;ReprEvadiu;1;19;0;4;1125;0;0.083447614;0.271119035;0.645433352;0;2434;7908;18826;0;13;0;81;15868;0;0;9;231
20120202;9;22;23732;ReprEvadiu;0;10;0;0;23;0.028990393;0.049511208;0.16020563;0.761292769;688;1175;3802;18067;0;8;0;88;12364;0;0;6;193
20120202;3;14;9604;ReprEvadiu;1;6;0;0;0;0;0.272802999;0.345793419;0.381403582;0;2620;3321;3663;0;8;0;17;3848;0;0;5;78
20120202;12;20;30193;ReprEvadiu;0;24;574;31;7870;0.02546948;0.049249826;0.282383334;0.64289736;769;1487;8526;19411;0;7;0;63;10190;0;0;33;218
20120202;3;11;14408;ReprEvadiu;0;1;0;0;0;0.10813437;0.033870072;0.361882288;0.49611327;1558;488;5214;7148;0;18;0;48;7076;0;0;14;99
20120202;8;18;36806;Sucesso;0;32;0;3;3369;0;0.088980058;0.482095311;0.428924632;0;3275;17744;15787;0;13;0;151;19633;0;0;7;357
20120202;0;13;18637;ReprEvadiu;0;13;0;0;837;0;0.083060578;0.369641037;0.547298385;0;1548;6889;10200;0;0;0;90;10425;0;0;0;171
20120202;1;5;2728;ReprEvadiu;0;5;0;0;0;0;0.117668622;0.63856305;0.243768328;0;321;1742;665;0;0;0;6;145;0;0;0;32
20130101;1;9;7883;ReprEvadiu;0;3;0;0;0;0;0;0.239375872;0.760624128;0;0;1887;5996;0;10;0;20;4309;0;0;0;98
20130101;6;16;8891;ReprEvadiu;0;8;300;0;0;0;0.127207288;0.236531324;0.636261388;0;1131;2103;5657;0;7;0;25;5285;0;0;4;73
20130101;7;10;19716;ReprEvadiu;0;2;20;26;2348;0;0;0.079681477;0.920318523;0;0;1571;18145;0;13;0;35;7932;0;0;32;109
20130101;6;22;14369;ReprEvadiu;0;14;9;0;311;0;0.170645139;0.304544506;0.524810356;0;2452;4376;7541;0;9;0;64;5492;0;0;6;155
20130101;6;14;5739;ReprEvadiu;0;6;0;0;0;0;0;0.21014114;0.78985886;0;0;1206;4533;0;6;0;15;2263;0;0;6;49
20130101;3;9;12174;ReprEvadiu;0;2;0;0;264;0;0;0.406439954;0.593560046;0;0;4948;7226;0;8;0;72;8725;0;0;0;133
20130101;3;26;31199;ReprEvadiu;4;54;730;24;2998;0;0.138690343;0.184781564;0.676528094;0;4327;5765;21107;0;8;0;47;9756;0;0;30;210
20130101;5;3;5439;ReprEvadiu;0;0;0;0;0;0;0;0.189005332;0.810994668;0;0;1028;4411;0;2;0;11;1378;0;0;2;47
20130101;14;27;17073;Sucesso;0;6;0;0;143;0.152990101;0;0.573947168;0.273062731;2612;0;9799;4662;0;12;0;50;7524;0;300;6;172
20130101;1;14;11243;ReprEvadiu;0;0;0;0;0;0;0.420083608;0.070710664;0.509205728;0;4723;795;5725;0;0;0;17;3867;0;0;0;59
20130101;8;26;51896;Sucesso;1;43;8;12;4608;0;0.123381378;0.567461847;0.309156775;0;6403;29449;16044;0;12;0;122;25585;0;0;17;401
20130101;2;13;8983;Sucesso;1;3;0;6;586;0;0;0.037960592;0.962039408;0;0;341;8642;0;6;0;15;4552;0;0;11;59
20130101;2;10;29137;Sucesso;0;3;0;0;0;0;0.028966606;0.178295638;0.792737756;0;844;5195;23098;0;8;0;71;15441;0;0;6;161
20130101;3;15;7171;Sucesso;0;3;0;0;0;0;0.227722772;0.465764886;0.306512341;0;1633;3340;2198;0;12;0;30;3498;0;0;6;95
20130101;14;22;19442;ReprEvadiu;0;0;0;32;5923;0;0.093868944;0.35551898;0.550612077;0;1825;6912;10705;0;7;0;41;3607;0;90;39;113
20130101;2;18;13033;ReprEvadiu;0;2;0;0;2626;0.062763754;0.208854446;0.24038978;0.48799202;818;2722;3133;6360;0;3;0;29;3512;0;0;0;89
20130101;1;12;22319;Sucesso;0;0;0;45;4176;0;0;0.178592231;0.821407769;0;0;3986;18333;0;4;0;65;15308;0;0;49;94
20130101;6;16;17012;ReprEvadiu;1;18;15;0;226;0.050141077;0.037326593;0.204326358;0.708205972;853;635;3476;12048;0;1;0;55;11722;0;0;1;145
20130101;3;17;11261;Sucesso;0;10;75;1;39;0.091998934;0.088446852;0.122724447;0.696829766;1036;996;1382;7847;0;9;0;26;2475;0;0;5;122
20130101;0;7;3096;ReprEvadiu;0;1;0;0;0;0;0;0.521317829;0.478682171;0;0;1614;1482;0;3;0;11;1336;0;0;4;36
20130101;3;18;13250;ReprEvadiu;0;2;0;0;0;0;0.129132075;0.281433962;0.589433962;0;1711;3729;7810;0;7;0;30;5869;0;0;4;69
20130101;2;13;18541;ReprEvadiu;0;5;0;0;576;0;0.311148266;0.132840731;0.556011003;0;5769;2463;10309;0;4;0;45;10770;0;0;2;134
20130101;4;16;21801;ReprEvadiu;0;11;0;2;2098;0;0;0.300857759;0.699142241;0;0;6559;15242;0;5;0;62;12509;0;0;2;145
20130101;0;4;2595;ReprEvadiu;0;2;0;0;91;0;0;0;1;0;0;0;2595;0;6;0;5;848;0;0;2;30
20130101;6;22;18391;Sucesso;1;8;0;2;860;0.059920613;0.018541678;0.611657876;0.309879833;1102;341;11249;5699;0;8;0;62;6061;0;316;8;223
20130101;12;15;20796;Sucesso;2;9;423;0;1446;0;0.101221389;0.084727832;0.814050779;0;2105;1762;16929;0;13;0;88;9586;0;1027;10;186
20130101;8;25;52825;ReprEvadiu;5;39;300;31;5360;0;0.242934217;0.263114056;0.493951727;0;12833;13899;26093;0;21;0;135;21738;0;300;40;428
20130101;0;9;6807;ReprEvadiu;0;3;0;0;0;0;0;0.044072279;0.955927721;0;0;300;6507;0;3;0;29;2740;0;0;2;55
20130101;5;14;28084;Sucesso;7;18;727;16;4922;0;0.010682239;0.59909557;0.390222191;0;300;16825;10959;0;9;0;14;3710;0;0;27;155
20130101;0;5;5565;ReprEvadiu;0;1;0;1;374;0.056244385;0;0.086792453;0.856963163;313;0;483;4769;0;18;0;4;410;0;0;6;51
20130101;0;4;3652;ReprEvadiu;0;0;0;0;0;0;0;0.908543264;0.091456736;0;0;3318;334;0;4;0;11;1359;0;0;2;26
20130101;3;16;27312;ReprEvadiu;0;9;0;6;1873;0;0.019808143;0.148469537;0.83172232;0;541;4055;22716;0;34;0;57;7738;0;0;24;210
20130101;1;5;3048;ReprEvadiu;0;0;300;0;0;0.258858268;0.125328084;0.098425197;0.517388451;789;382;300;1577;0;4;0;0;0;0;0;0;16
20130101;8;12;10119;ReprEvadiu;0;6;0;0;0;0;0;0;1;0;0;0;10119;0;26;0;39;2048;0;9;2;118
20130101;0;1;49;ReprEvadiu;0;0;0;0;0;0;0;0;1;0;0;0;49;0;0;0;0;0;0;0;0;2
20130101;0;0;0;ReprEvadiu;0;0;0;0;0;0;0;0;0;0;0;0;0;0;0;0;0;0;0;0;0;0
20130101;14;9;20374;Sucesso;2;16;3180;7;3684;0;0.199371748;0.153185432;0.647442819;0;4062;3121;13191;0;13;0;23;2215;0;305;15;132
20130101;4;19;20381;Sucesso;2;17;256;5;1266;0.021294343;0.048084;0.230656003;0.699965654;434;980;4701;14266;0;22;0;22;4521;0;0;13;126
20130101;0;16;35281;ReprEvadiu;1;30;0;3;2802;0.021824778;0.246761713;0.349196451;0.382217057;770;8706;12320;13485;0;13;0;73;12284;0;0;4;263
20130101;2;6;10602;ReprEvadiu;1;6;0;3;1748;0;0;0;1;0;0;0;10602;0;0;0;12;1855;0;0;4;70
20130101;4;9;9476;Sucesso;1;6;0;3;1748;0;0;0.031658928;0.968341072;0;0;300;9176;0;12;0;13;1558;0;1015;10;63
20130101;3;12;24488;ReprEvadiu;0;15;0;20;3037;0;0.111278994;0.157873244;0.730847762;0;2725;3866;17897;0;29;0;91;7426;0;0;24;245
20130101;24;32;68943;ReprEvadiu;7;45;1351;46;15013;0.016985046;0.010733504;0.323281551;0.648999898;1171;740;22288;44744;0;31;0;186;21085;0;6;61;565
20130101;0;8;6574;ReprEvadiu;1;5;0;2;1545;0.076513538;0;0.136902951;0.786583511;503;0;900;5171;0;1;0;1;920;0;0;3;36
20130101;3;21;19400;ReprEvadiu;1;3;22;0;0;0.015463918;0.075257732;0.240051546;0.669226804;300;1460;4657;12983;0;10;0;17;6581;0;0;1;77
20130101;0;4;4659;ReprEvadiu;1;2;0;5;1188;0;0;0.524576089;0.475423911;0;0;2444;2215;0;0;0;16;1565;0;0;6;31
20130101;8;24;36879;ReprEvadiu;1;12;0;0;0;0.045662843;0.023048347;0.280783101;0.650505708;1684;850;10355;23990;0;17;0;96;16591;0;18;5;260
20130101;13;34;79359;Sucesso;7;58;5764;81;14765;0;0.049572197;0.254602503;0.6958253;0;3934;20205;55220;0;23;0;48;12413;0;0;92;355
20130101;0;8;3587;ReprEvadiu;0;3;0;0;0;0;0.271536103;0.644828548;0.08363535;0;974;2313;300;0;1;0;15;1363;0;0;0;41
20130101;23;28;56456;Sucesso;16;59;638;8;4504;0.047452884;0.038862123;0.069257475;0.844427519;2679;2194;3910;47673;0;22;0;132;13836;0;21;28;561
20130101;51;30;54138;ReprEvadiu;3;36;1824;36;9479;0;0.306826998;0.269773542;0.423399461;0;16611;14605;22922;0;30;0;90;6318;1;241;54;541
20130101;17;34;47889;Sucesso;1;16;0;21;5725;0.024870012;0.22090668;0.259809142;0.494414166;1191;10579;12442;23677;0;19;0;49;7382;0;0;26;255
20130101;8;13;11834;ReprEvadiu;1;3;53;2;176;0;0.1333446;0.058222072;0.808433328;0;1578;689;9567;0;18;0;36;4220;1;390;11;135
20130101;4;20;46919;ReprEvadiu;6;57;3190;3;828;0.040729768;0.034421023;0.085594322;0.839254886;1911;1615;4016;39377;0;24;0;31;5634;0;1;19;435
20130101;1;17;30030;ReprEvadiu;2;24;0;8;2094;0.014518815;0.305894106;0.301964702;0.377622378;436;9186;9068;11340;0;21;0;80;7995;0;0;12;291
20130101;7;18;25926;ReprEvadiu;0;14;0;0;224;0.028195634;0.23582504;0.211679395;0.524299931;731;6114;5488;13593;0;12;0;82;7552;0;0;2;264
20130101;3;17;24841;ReprEvadiu;0;10;0;0;3765;0.09436013;0.042792158;0.171329657;0.691518055;2344;1063;4256;17178;0;14;0;55;5572;0;0;2;184
20130101;0;5;9271;ReprEvadiu;0;8;0;4;2700;0;0;0;1;0;0;0;9271;0;3;0;21;2043;0;0;6;111
20130102;18;21;46254;Sucesso;0;24;0;0;127;0;0.318545423;0.164742509;0.516712068;0;14734;7620;23900;0;13;0;115;24209;0;20;6;315
20130102;0;14;16460;ReprEvadiu;3;27;0;0;314;0;0.17490887;0.500668287;0.324422843;0;2879;8241;5340;0;7;0;31;4280;0;0;5;208
20130102;13;30;75650;Sucesso;1;86;33;8;2245;0;0.116364838;0.178982155;0.704653007;0;8803;13540;53307;0;11;0;177;37778;0;0;13;599
20130102;0;7;8173;ReprEvadiu;1;5;0;0;0;0.166768628;0;0.036706228;0.796525144;1363;0;300;6510;0;5;0;24;4689;0;0;1;87
20130102;1;9;9130;ReprEvadiu;3;12;0;0;311;0;0.258269441;0.281927711;0.459802848;0;2358;2574;4198;0;6;0;30;3129;0;0;7;102
20130102;0;0;0;ReprEvadiu;0;0;0;0;0;0;0;0;0;0;0;0;0;0;0;0;0;0;0;0;0;0
20130102;1;14;8577;ReprEvadiu;0;0;0;0;918;0;0.407251953;0.246706308;0.34604174;0;3493;2116;2968;0;8;0;16;4732;0;0;4;61
20130102;11;23;38138;ReprEvadiu;6;20;146;4;236;0;0.279983219;0.39233835;0.327678431;0;10678;14963;12497;0;11;0;88;17017;0;0;15;257
20130102;0;0;0;ReprEvadiu;0;0;0;0;0;0;0;0;0;0;0;0;0;0;0;0;0;0;0;0;0;0
20130102;4;13;7631;ReprEvadiu;0;4;75;0;0;0;0.039313327;0.147687066;0.812999607;0;300;1127;6204;0;1;0;39;4206;0;15;0;65
20130102;0;0;0;ReprEvadiu;0;0;0;0;0;0;0;0;0;0;0;0;0;0;0;0;0;0;0;0;0;0
20130102;8;25;23693;ReprEvadiu;0;21;327;0;355;0;0.158190183;0.491664205;0.350145613;0;3748;11649;8296;0;10;0;65;9228;0;0;4;190
20130102;1;20;23655;ReprEvadiu;1;36;0;0;39;0;0.046332699;0.120651025;0.833016276;0;1096;2854;19705;0;16;0;91;8749;0;0;5;293
20130102;6;37;45509;ReprEvadiu;2;41;546;1;327;0.048342086;0.348436573;0.397899317;0.205322024;2200;15857;18108;9344;0;13;0;110;21252;0;0;7;350
20130102;0;8;5731;ReprEvadiu;1;3;0;0;550;0;0.081835631;0.30151806;0.61664631;0;469;1728;3534;0;3;0;24;2164;0;0;1;84
20130102;0;5;2568;ReprEvadiu;0;1;0;0;0;0.11682243;0.265965732;0;0.617211838;300;683;0;1585;0;0;0;8;1192;0;0;0;20
20130102;1;17;29933;Sucesso;1;16;0;0;742;0;0;0.331774296;0.668225704;0;0;9931;20002;0;8;0;75;9707;0;0;5;231
20130102;38;42;122302;Sucesso;25;74;588;109;8436;0.003025298;0.139286357;0.30974146;0.547946886;370;17035;37882;67015;0;44;0;208;27120;0;300;139;868
20130102;0;24;42442;ReprEvadiu;0;38;0;0;536;0.010696951;0;0.02391499;0.965388059;454;0;1015;40973;0;9;0;70;12529;0;0;4;273
20130102;0;9;16535;ReprEvadiu;1;7;0;0;1359;0;0;0.398306622;0.601693378;0;0;6586;9949;0;3;0;36;7946;0;0;3;105
20130102;13;33;38843;Sucesso;1;26;57;0;1253;0.023504879;0.117447159;0.113173545;0.745874418;913;4562;4396;28972;0;11;0;129;19284;0;0;7;334
20130102;1;13;7315;ReprEvadiu;1;6;0;0;0;0;0.095010253;0.254135338;0.650854409;0;695;1859;4761;0;0;0;16;3248;0;0;1;48
20130102;0;15;22290;ReprEvadiu;1;3;0;1;448;0.013772992;0.291251682;0.062270076;0.632705249;307;6492;1388;14103;0;5;0;47;12840;0;0;4;97
20130102;0;5;17322;ReprEvadiu;1;7;0;3;2174;0;0.068121464;0.108243852;0.823634684;0;1180;1875;14267;0;0;0;29;4706;0;0;4;145
20130102;14;32;55382;ReprEvadiu;6;50;631;0;985;0;0.113358131;0.122530786;0.764111083;0;6278;6786;42318;0;7;0;194;28795;0;964;10;442
20130102;7;26;32080;ReprEvadiu;1;35;0;0;1324;0;0.082013716;0.233852868;0.684133416;0;2631;7502;21947;0;11;0;69;12401;0;332;6;268
20130102;11;37;39392;Sucesso;1;21;300;0;318;0.025055849;0.38028026;0.335880382;0.258783509;987;14980;13231;10194;0;12;0;137;16026;0;16;5;331
20130102;3;12;22088;ReprEvadiu;6;23;0;6;479;0;0.065918146;0.147863093;0.786218761;0;1456;3266;17366;0;4;0;84;10416;0;0;14;212
20130102;20;22;25752;ReprEvadiu;1;13;20;0;485;0;0.276794035;0.50862069;0.214585275;0;7128;13098;5526;0;5;0;82;13683;0;0;3;240
20130102;2;19;13761;ReprEvadiu;0;11;0;1;1565;0;0.109367052;0.158709396;0.731923552;0;1505;2184;10072;0;9;0;23;3917;0;0;1;120
20130102;3;20;14348;Sucesso;0;8;0;0;104;0;0.133746864;0.529202676;0.33705046;0;1919;7593;4836;0;13;0;43;6709;0;0;4;115
20130102;7;13;8386;ReprEvadiu;0;6;10;0;0;0;0.75149058;0.08919628;0.159313141;0;6302;748;1336;0;3;0;56;3152;0;0;2;119
20130102;2;20;29630;Sucesso;0;15;1133;0;985;0;0.061221735;0.587951401;0.350826865;0;1814;17421;10395;0;14;0;86;9866;0;0;4;238
20130102;9;31;40550;ReprEvadiu;0;12;0;35;6161;0;0.220567201;0.224512947;0.554919852;0;8944;9104;22502;0;10;0;70;15758;0;0;39;223
20130102;11;31;31150;ReprEvadiu;0;4;0;0;605;0.011460674;0.263338684;0.326227929;0.398972713;357;8203;10162;12428;0;11;0;62;15592;0;0;4;154
20130102;6;24;29364;ReprEvadiu;0;4;38;0;2112;0;0.049346138;0.097398175;0.853255687;0;1449;2860;25055;0;4;0;53;12375;0;0;2;124
20130102;13;35;31297;Sucesso;0;8;0;0;249;0;0.269195131;0.420966866;0.309838004;0;8425;13175;9697;0;16;0;74;9346;0;0;4;198
20130102;1;15;13648;ReprEvadiu;1;13;300;0;0;0.055978898;0.123900938;0.049091442;0.771028722;764;1691;670;10523;0;4;0;37;7212;0;0;5;98
20130102;9;30;33661;Sucesso;0;6;33;0;163;0.126347999;0.22881079;0.318528861;0.32631235;4253;7702;10722;10984;0;6;0;84;13908;0;0;4;200
20130102;4;16;18596;Sucesso;0;3;0;0;199;0;0.057861906;0.337922134;0.60421596;0;1076;6284;11236;0;25;0;40;6957;0;0;12;167
20130102;0;9;7430;ReprEvadiu;0;9;0;0;0;0;0;0;1;0;0;0;7430;0;3;0;27;3774;0;0;0;89
20130102;40;40;158924;Sucesso;28;180;1066;21;7336;0.020299011;0.1246319;0.467091188;0.387977901;3226;19807;74232;61659;0;9;0;364;60088;0;0;56;1190
20130102;38;39;103163;Sucesso;1;45;1855;0;3107;0.025270688;0.045791611;0.39976542;0.529172281;2607;4724;41241;54591;0;33;0;202;34580;0;298;6;627
20130102;0;5;9986;ReprEvadiu;0;11;0;4;511;0;0;0;1;0;0;0;9986;0;13;0;23;3827;0;0;12;112
20130102;0;5;1541;ReprEvadiu;0;1;0;0;0;0;0.19467878;0.554834523;0.250486697;0;300;855;386;0;2;0;4;387;0;0;0;16
20130102;0;2;341;ReprEvadiu;0;0;0;0;0;0;0;0.120234604;0.879765396;0;0;41;300;0;0;0;2;35;0;0;0;4
20130102;9;15;14650;ReprEvadiu;3;13;360;0;0;0;0.397064846;0.225255973;0.377679181;0;5817;3300;5533;0;16;0;31;3638;0;0;5;153
20130102;4;20;15500;Sucesso;0;6;16;0;23;0.019354839;0.094322581;0.392580645;0.493741935;300;1462;6085;7653;0;14;0;36;6110;0;0;4;120
20130102;18;31;48100;Sucesso;1;69;150;0;1914;0;0.032598753;0.638918919;0.328482328;0;1568;30732;15800;0;26;0;77;5955;0;34;5;406
20130102;0;14;16231;Sucesso;0;0;0;6;3304;0;0.059762183;0.297763539;0.642474278;0;970;4833;10428;0;13;0;24;5808;0;0;14;64
20130102;0;0;0;ReprEvadiu;0;0;0;0;0;0;0;0;0;0;0;0;0;0;0;0;0;0;0;0;0;0
20130102;0;19;12798;ReprEvadiu;0;3;0;0;300;0;0.387248008;0.311689326;0.301062666;0;4956;3989;3853;0;10;0;49;7425;0;0;0;101
20130102;11;34;48847;Sucesso;3;59;102;17;3582;0;0.350297869;0.269822098;0.379880034;0;17111;13180;18556;0;39;0;132;13721;0;19;26;584
20130102;21;22;35768;ReprEvadiu;1;26;755;0;2083;0.022869604;0.227857303;0.476291657;0.272981436;818;8150;17036;9764;0;47;0;102;10394;0;0;5;434
20130102;0;0;0;ReprEvadiu;0;0;0;0;0;0;0;0;0;0;0;0;0;0;0;0;0;0;0;0;0;0
20130102;13;35;66860;ReprEvadiu;1;87;458;42;6831;0;0.420266228;0.178507329;0.401226443;0;28099;11935;26826;0;48;0;62;13991;0;0;51;466
20130102;1;22;31808;ReprEvadiu;0;58;0;0;2855;0;0.026597082;0.199006539;0.774396378;0;846;6330;24632;0;30;0;50;8246;0;0;4;373
20130102;0;3;1304;ReprEvadiu;0;1;0;0;0;0;0;0;1;0;0;0;1304;0;0;0;5;535;0;0;0;15
20130102;7;19;15570;ReprEvadiu;0;16;50;0;56;0;0.535324342;0.304560051;0.160115607;0;8335;4742;2493;0;13;0;43;6295;0;6;6;151
20130102;18;21;21883;ReprEvadiu;1;20;517;0;509;0.084586208;0.300872824;0.161723712;0.452817255;1851;6584;3539;9909;0;28;0;11;2023;0;0;7;207
20130102;9;19;19466;Sucesso;0;28;0;18;3409;0;0.103154218;0.205794719;0.691051063;0;2008;4006;13452;0;17;0;10;284;0;0;22;196
20130102;9;20;25350;Sucesso;0;10;1876;0;1121;0;0.041893491;0.242051282;0.716055227;0;1062;6136;18152;0;26;0;40;8253;0;0;4;225
20130102;21;40;79209;Sucesso;2;59;0;42;8800;0.057468217;0.053844891;0.123155197;0.765531695;4552;4265;9755;60637;0;57;0;72;12196;0;0;52;521
20130102;0;17;21492;ReprEvadiu;0;13;0;0;93;0;0.064907873;0.739717104;0.195375023;0;1395;15898;4199;0;21;0;63;9719;0;0;4;225
20130102;4;21;36389;Sucesso;1;22;455;0;3086;0;0.025117481;0.051746407;0.923136113;0;914;1883;33592;0;16;0;50;8118;0;0;5;351
20130102;2;8;7335;Sucesso;0;6;0;0;0;0;0.652351738;0.245535106;0.102113156;0;4785;1801;749;0;15;0;16;2064;0;0;8;64
20130102;43;33;85566;Sucesso;0;76;2362;66;9947;0.193920482;0;0.175478578;0.63060094;16593;0;15015;53958;0;56;0;131;20831;0;38;70;654
20130102;5;17;19038;ReprEvadiu;0;13;15;0;8;0;0.301344679;0.647336905;0.051318416;0;5737;12324;977;0;23;0;99;5135;0;0;0;282
20130102;0;0;0;ReprEvadiu;0;0;0;0;0;0;0;0;0;0;0;0;0;0;0;0;0;0;0;0;0;0
20130102;105;45;289202;Sucesso;41;516;4285;67;11330;0.051330904;0.105431498;0.189618329;0.65361927;14845;30491;54838;189028;0;48;0;232;32010;0;0;121;2606
20130102;28;38;86374;Sucesso;16;128;3206;0;998;0.003473267;0.166913655;0.254613657;0.574999421;300;14417;21992;49665;0;31;0;155;17306;0;0;26;770
20130102;32;36;63596;ReprEvadiu;5;62;2685;0;913;0;0.109472294;0.469400591;0.421127115;0;6962;29852;26782;0;29;0;176;21526;0;0;11;586
20130102;1;8;8268;ReprEvadiu;0;2;0;3;1662;0.151427189;0;0.03628447;0.812288341;1252;0;300;6716;0;4;0;26;2343;0;0;3;62
20130102;8;27;50058;ReprEvadiu;0;59;682;0;2498;0.045926725;0.019397499;0.125014983;0.809660793;2299;971;6258;40530;0;19;0;66;12429;0;0;4;377
20130102;11;23;55260;ReprEvadiu;0;40;1109;37;5397;0;0.051049584;0.315743757;0.633206659;0;2821;17448;34991;0;16;0;101;18034;0;0;39;416
20130102;23;41;119274;Sucesso;18;158;6599;114;13243;0;0.169508862;0.211144088;0.61934705;0;20218;25184;73872;0;35;0;196;31359;0;0;139;884
20130102;20;34;56860;Sucesso;2;25;125;48;7329;0.019785438;0.110323602;0.332043616;0.537847344;1125;6273;18880;30582;0;50;0;68;13638;0;0;59;343
20130102;12;32;68308;ReprEvadiu;2;63;492;0;1051;0;0.15245652;0.207325643;0.640217837;0;10414;14162;43732;0;28;0;101;22222;0;0;6;436
20130102;0;4;3305;ReprEvadiu;0;4;0;0;0;0;0.590620272;0.298940998;0.110438729;0;1952;988;365;0;1;0;8;788;0;0;0;31
20130102;11;15;42077;ReprEvadiu;1;24;889;28;5414;0;0;0;1;0;0;0;42077;0;34;0;77;17255;0;0;33;275
20130102;10;21;21126;Sucesso;1;17;929;0;1088;0;0.175281643;0.260768721;0.563949636;0;3703;5509;11914;0;23;0;56;7270;0;0;5;197
20130102;0;4;1892;ReprEvadiu;0;1;0;0;0;0;0.199260042;0.38372093;0.417019027;0;377;726;789;0;2;0;6;438;0;0;0;31
20130102;24;37;67349;Sucesso;23;164;6224;0;3074;0.008953362;0.170574173;0.406494529;0.413977936;603;11488;27377;27881;0;15;0;81;5945;0;0;29;730
20130102;4;22;17523;Sucesso;0;3;0;9;1671;0;0.085316441;0.076071449;0.83861211;0;1495;1333;14695;0;16;0;30;4238;0;0;11;127
20130102;5;26;40995;ReprEvadiu;0;18;0;14;3157;0;0.031003781;0.537041103;0.431955116;0;1271;22016;17708;0;16;0;52;12122;0;0;20;258
20130102;0;0;0;ReprEvadiu;0;0;0;0;0;0;0;0;0;0;0;0;0;0;0;0;0;0;0;0;0;0
20130102;14;18;29316;ReprEvadiu;0;14;16;0;476;0.022069859;0.070712239;0.101855642;0.80536226;647;2073;2986;23610;0;39;0;94;7345;0;38;2;314
20130102;0;11;14242;ReprEvadiu;0;1;0;0;59;0;0.365538548;0.271380424;0.363081028;0;5206;3865;5171;0;16;0;61;4857;0;0;4;146
20130102;3;13;13451;ReprEvadiu;0;11;0;0;1378;0;0;0.41929968;0.58070032;0;0;5640;7811;0;19;0;24;3254;0;0;0;115
20130102;32;23;59668;Sucesso;1;61;4786;0;494;0.08491989;0.138784608;0.271250922;0.50504458;5067;8281;16185;30135;0;53;0;158;22818;0;0;7;599
20130102;23;26;42120;ReprEvadiu;0;43;33;0;824;0.191785375;0.015479582;0.195773979;0.596961064;8078;652;8246;25144;0;45;0;42;7361;0;0;4;389
20130102;0;0;0;ReprEvadiu;0;0;0;0;0;0;0;0;0;0;0;0;0;0;0;0;0;0;0;0;0;0
20130102;6;13;24146;Sucesso;0;7;38;0;2;0.028534747;0;0.650418289;0.321046964;689;0;15705;7752;0;9;0;72;12931;0;0;2;150
20130102;0;3;600;ReprEvadiu;0;0;0;0;0;0;0;1;0;0;0;600;0;0;0;0;0;0;0;0;0;3
20130102;9;25;19586;Sucesso;4;11;150;34;4760;0;0.096344328;0.212090269;0.691565404;0;1887;4154;13545;0;15;0;22;3398;0;0;50;107
20130102;3;15;44003;Sucesso;1;4;0;1;109;0;0.119582756;0.592527782;0.287889462;0;5262;26073;12668;0;14;0;104;23691;0;0;10;214
20130102;0;3;3756;ReprEvadiu;1;3;0;0;0;0;0.030617678;0.417731629;0.551650692;0;115;1569;2072;0;9;0;8;1006;0;0;15;35
20130102;0;0;0;ReprEvadiu;0;0;0;0;0;0;0;0;0;0;0;0;0;0;0;0;0;0;0;0;0;0
20130102;2;22;24601;ReprEvadiu;2;18;0;0;305;0;0.245803016;0.176415593;0.577781391;0;6047;4340;14214;0;13;0;81;13973;0;0;8;203
20130102;0;13;11996;ReprEvadiu;1;4;0;0;0;0.550100033;0.029676559;0;0.420223408;6599;356;0;5041;0;4;0;22;5177;0;0;3;80
20130102;0;4;4663;ReprEvadiu;0;8;0;0;300;0;0.064336264;0.142183144;0.793480592;0;300;663;3700;0;0;0;12;2035;0;0;0;37
20130102;5;18;30961;Sucesso;0;13;365;0;1291;0.00968961;0.021672427;0.058202254;0.910435709;300;671;1802;28188;0;11;0;65;9729;0;0;4;225
20130102;0;8;8252;ReprEvadiu;0;5;0;18;2273;0.135118759;0;0.289990305;0.574890936;1115;0;2393;4744;0;3;0;18;3264;0;0;18;44
20130102;0;17;45021;ReprEvadiu;3;18;0;0;29;0.007041159;0.321294507;0.501632571;0.170031763;317;14465;22584;7655;0;13;0;71;16397;0;0;5;258
20130102;4;22;31013;ReprEvadiu;1;17;0;0;30;0.023409538;0.023699739;0.527520717;0.425370006;726;735;16360;13192;0;12;0;76;15067;0;0;7;221
20130102;0;0;0;ReprEvadiu;0;0;0;0;0;0;0;0;0;0;0;0;0;0;0;0;0;0;0;0;0;0
20130102;7;19;35733;Sucesso;3;31;0;35;5562;0;0.008395601;0.077435424;0.914168975;0;300;2767;32666;0;17;0;118;16695;0;43;44;281
20130102;0;5;8174;ReprEvadiu;0;9;0;0;0;0;0;0.036701737;0.963298263;0;0;300;7874;0;5;0;30;3462;0;0;0;106
20130102;14;14;25171;Sucesso;1;6;374;0;0;0.094434071;0.068769616;0.015335108;0.821461205;2377;1731;386;20677;0;8;0;96;13162;0;0;5;190
20130102;2;23;19723;Sucesso;0;6;0;0;32;0;0.104142372;0.220199767;0.675657861;0;2054;4343;13326;0;14;0;38;10062;0;0;4;131
20130102;4;22;40688;ReprEvadiu;4;33;20;70;10648;0;0.200525954;0.328303185;0.471170861;0;8159;13358;19171;0;4;0;72;9397;0;0;74;261
20130102;1;4;4020;ReprEvadiu;0;0;0;0;0;0.326616915;0.335323383;0.152985075;0.185074627;1313;1348;615;744;0;1;0;14;2590;0;0;0;22
20130102;1;14;34729;ReprEvadiu;0;20;0;4;1458;0;0.277001929;0.329580466;0.393417605;0;9620;11446;13663;0;5;0;68;14212;0;22;6;224
20130102;14;23;35420;ReprEvadiu;1;20;114;74;11750;0;0.035319029;0.269508752;0.695172219;0;1251;9546;24623;0;12;0;96;12555;0;0;87;267
20130102;8;19;44738;ReprEvadiu;2;32;39;9;3840;0.072131074;0.153381912;0.456435245;0.318051768;3227;6862;20420;14229;0;16;0;145;25172;0;0;13;380
20130102;20;25;56713;Sucesso;7;93;694;7;4636;0;0.072011708;0.653888879;0.274099413;0;4084;37084;15545;0;19;0;149;24365;0;0;22;556
20130102;7;29;58879;ReprEvadiu;5;71;20;115;12295;0.016032881;0.085701184;0.307732808;0.590533127;944;5046;18119;34770;0;14;0;137;17055;0;0;131;458
20130102;3;15;11307;ReprEvadiu;1;13;0;3;727;0;0.284425577;0;0.715574423;0;3216;0;8091;0;0;0;31;6232;0;0;4;96
20130102;0;1;856;ReprEvadiu;1;3;0;0;3;0;0;0;1;0;0;0;856;0;0;0;1;171;0;0;1;18
20130102;1;10;5311;ReprEvadiu;0;2;0;0;0;0;0.543588778;0.122764075;0.333647147;0;2887;652;1772;0;12;0;18;1926;0;0;2;49
20130102;0;5;20464;ReprEvadiu;0;9;0;0;6;0;0;0;1;0;0;0;20464;0;1;0;42;6206;0;0;0;159
20130102;16;15;25481;Sucesso;1;15;2005;2;1536;0;0;0.167497351;0.832502649;0;0;4268;21213;0;11;0;40;5617;0;0;6;191
20130102;0;17;23147;ReprEvadiu;3;32;0;0;53;0.025921286;0.175487104;0.498163909;0.300427701;600;4062;11531;6954;0;12;0;42;9022;0;0;4;200
20130102;0;3;2459;ReprEvadiu;0;3;0;0;0;0;0.122000813;0;0.877999187;0;300;0;2159;0;2;0;9;1521;0;0;0;30
20130201;6;7;6953;ReprEvadiu;0;0;0;0;0;0.060837049;0.370056091;0.523227384;0.045879476;423;2573;3638;319;0;6;0;25;3746;0;0;0;68
20130201;7;22;16368;Sucesso;2;28;0;0;0;0;0.198985826;0.392717498;0.408296676;0;3257;6428;6683;0;18;0;16;2159;0;0;10;164
20130201;2;12;8836;ReprEvadiu;1;10;0;0;0;0.033952014;0;0.28010412;0.685943866;300;0;2475;6061;0;11;0;15;2388;0;0;5;70
20130201;1;8;4715;ReprEvadiu;1;6;0;0;0;0;0;0.460657476;0.539342524;0;0;2172;2543;0;2;0;19;1267;0;0;1;47
20130201;12;24;32526;Sucesso;2;35;710;48;5388;0;0.100350489;0.298007748;0.601641764;0;3264;9693;19569;0;20;0;55;8105;0;0;52;257
20130201;1;3;624;ReprEvadiu;0;1;0;0;0;0;0;0;1;0;0;0;624;0;0;0;0;0;0;0;0;4
20130201;0;14;24685;ReprEvadiu;1;6;0;0;230;0.012315171;0.087381001;0.088677334;0.811626494;304;2157;2189;20035;0;9;0;43;8922;0;0;5;151
20130201;1;5;7870;ReprEvadiu;0;4;0;0;0;0;0.076238882;0.234180432;0.689580686;0;600;1843;5427;0;5;0;14;2928;0;0;4;49
20130201;3;27;35641;Sucesso;1;19;0;4;1358;0;0.525293903;0.251087231;0.223618866;0;18722;8949;7970;0;29;0;49;12266;0;0;9;229
20130201;44;37;51852;Sucesso;4;45;4;24;4416;0.013866389;0.138895317;0.293431304;0.553806989;719;7202;15215;28716;0;16;0;66;10888;0;0;30;372
20130201;5;19;23892;Sucesso;6;21;310;9;1907;0.018081366;0.054202243;0.070567554;0.857148836;432;1295;1686;20479;0;17;0;42;6828;0;154;23;189
20130201;8;19;21449;Sucesso;2;6;313;0;68;0;0.063312975;0.159960837;0.776726188;0;1358;3431;16660;0;9;0;44;4558;0;24;6;127
20130201;9;17;22502;ReprEvadiu;4;22;94;0;1285;0;0.131854946;0.656830504;0.21131455;0;2967;14780;4755;0;22;0;49;9305;0;0;10;183
20130201;3;17;23211;Sucesso;1;21;75;16;7623;0.012924906;0.012924906;0.107147473;0.867002714;300;300;2487;20124;0;12;0;18;3342;0;0;21;173
20130201;10;23;32831;Sucesso;0;14;0;0;363;0.125734824;0;0.056471018;0.817794158;4128;0;1854;26849;0;5;0;73;15768;0;0;4;183
20130201;25;39;73116;Sucesso;3;67;22;68;9631;0.042329996;0.10551726;0.282906614;0.569246129;3095;7715;20685;41621;0;15;0;32;7192;0;0;75;397
20130201;1;10;5597;ReprEvadiu;0;0;0;0;0;0;0.271574058;0.6748258;0.053600143;0;1520;3777;300;0;1;0;26;2622;0;0;0;46
20130201;5;30;45487;Sucesso;4;39;399;16;4561;0.007738475;0.143799327;0.068283246;0.780178952;352;6541;3106;35488;0;27;0;134;19949;0;0;28;350
20130201;0;3;680;ReprEvadiu;0;0;0;0;347;0;0.441176471;0;0.558823529;0;300;0;380;0;0;0;0;0;0;0;0;7
20130201;13;35;60986;Sucesso;10;61;129;0;873;0.155150362;0;0.248516053;0.596333585;9462;0;15156;36368;0;13;0;181;26266;0;0;15;561
20130201;0;10;33673;ReprEvadiu;1;46;0;0;1389;0;0;0.839752918;0.160247082;0;0;28277;5396;0;13;0;23;4758;0;0;3;230
20130201;9;14;17883;Sucesso;0;11;605;0;326;0;0;0.608510876;0.391489124;0;0;10882;7001;0;10;0;60;11019;0;0;4;147
20130201;1;25;35148;ReprEvadiu;0;47;93;15;2807;0;0.044782064;0.407761466;0.54745647;0;1574;14332;19242;0;14;0;96;7548;0;0;17;400
20130201;1;12;15711;Sucesso;1;13;0;1;321;0;0.070714786;0.1456941;0.783591115;0;1111;2289;12311;0;15;0;46;6724;0;0;6;126
20130201;9;41;61418;Sucesso;2;58;0;14;4144;0;0.016216744;0.304536129;0.679247126;0;996;18704;41718;0;13;0;98;15736;0;0;22;446
20130201;14;40;59701;Sucesso;5;85;712;0;305;0;0.106229376;0.524178824;0.369591799;0;6342;31294;22065;0;12;0;87;9484;0;0;17;446
20130201;18;15;23788;ReprEvadiu;4;36;431;5;1752;0;0.224861275;0.266857239;0.508281486;0;5349;6348;12091;0;8;0;36;4070;0;0;14;262
20130201;24;36;39635;Sucesso;1;31;1330;0;2015;0;0.086413523;0.210748076;0.7028384;0;3425;8353;27857;0;10;0;37;7857;0;0;5;261
20130201;2;12;21269;ReprEvadiu;0;11;0;2;753;0;0.01871268;0.413653674;0.567633645;0;398;8798;12073;0;12;0;39;9875;0;0;4;182
20130201;2;15;16423;ReprEvadiu;0;13;0;0;3420;0;0.638251233;0.26901297;0.092735797;0;10482;4418;1523;0;10;0;18;5382;0;0;0;114
20130201;5;27;34009;Sucesso;8;35;0;0;330;0.054279749;0.27969067;0.124761093;0.541268488;1846;9512;4243;18408;0;11;0;66;12973;0;0;12;237
20130201;7;18;40360;ReprEvadiu;2;23;542;0;345;0;0.472621407;0.246506442;0.280872151;0;19075;9949;11336;0;21;0;162;26756;0;0;16;282
20130201;9;24;33374;Sucesso;5;25;241;0;718;0;0.108377779;0.531341763;0.360280458;0;3617;17733;12024;0;26;0;61;9283;0;0;15;213
20130201;25;24;33801;Sucesso;4;51;2562;0;387;0.032484246;0.263631254;0.37507766;0.32880684;1098;8911;12678;11114;0;21;0;48;8737;0;0;11;258
20130201;2;7;6490;ReprEvadiu;0;1;247;9;2866;0;0.081972265;0.129738059;0.788289676;0;532;842;5116;0;4;0;7;1409;0;0;11;40
20130201;1;11;12782;ReprEvadiu;1;7;0;0;206;0;0.183148177;0.235174464;0.581677359;0;2341;3006;7435;0;5;0;25;4937;0;0;1;97
20130201;5;19;15169;ReprEvadiu;0;7;0;0;14;0;0.130661217;0.370162832;0.499175951;0;1982;5615;7572;0;28;0;40;4529;0;0;4;145
20130201;5;21;25030;ReprEvadiu;1;4;0;21;1685;0;0.139472633;0.542788654;0.317738714;0;3491;13586;7953;0;12;0;60;12406;0;0;26;147
20130201;10;21;42385;ReprEvadiu;4;48;268;22;4434;0;0.015949039;0.259148284;0.724902678;0;676;10984;30725;0;11;0;130;17624;0;0;34;351
20130201;2;4;4147;Sucesso;0;0;0;0;0;0.213166144;0;0.072341452;0.714492404;884;0;300;2963;0;8;0;8;1963;0;0;2;31
20130201;4;18;15330;ReprEvadiu;2;11;0;0;300;0;0.405740378;0.366666667;0.227592955;0;6220;5621;3489;0;5;0;42;9400;0;0;4;94
20130201;0;10;5035;ReprEvadiu;0;5;0;0;262;0;0.553525323;0.446474677;0;0;2787;2248;0;0;0;0;7;2184;0;0;0;29
20130201;14;15;12604;ReprEvadiu;3;16;258;0;177;0;0.026975563;0.833386227;0.13963821;0;340;10504;1760;0;5;0;32;7521;0;0;7;119
20130201;7;11;7544;ReprEvadiu;1;10;0;0;0;0;0.076086957;0.358563097;0.565349947;0;574;2705;4265;0;10;0;51;2412;0;0;5;118
20130201;0;8;15532;ReprEvadiu;1;26;0;11;2489;0;0.208086531;0.079770796;0.712142673;0;3232;1239;11061;0;13;0;38;5405;0;0;14;228
20130201;0;12;13011;ReprEvadiu;1;3;0;7;1844;0;0.023057413;0.18422873;0.792713858;0;300;2397;10314;0;1;0;23;4103;0;0;7;82
20130201;6;23;22232;Sucesso;0;45;0;0;722;0;0.226430371;0.233087442;0.540482188;0;5034;5182;12016;0;16;0;54;8590;0;300;4;211
20130201;11;13;14363;ReprEvadiu;0;6;0;0;99;0.062661004;0.202325419;0.435424354;0.299589222;900;2906;6254;4303;0;14;0;48;8081;0;0;6;111
20130201;1;6;13253;Sucesso;0;8;0;11;3447;0;0.046253678;0.380442164;0.573304158;0;613;5042;7598;0;8;0;53;6159;0;0;15;115
20130201;10;30;27439;ReprEvadiu;1;17;323;2;3252;0;0.248660665;0.17795838;0.573380954;0;6823;4883;15733;0;0;0;71;9559;0;0;3;175
20130201;6;24;21149;ReprEvadiu;0;4;0;0;13;0;0.1915457;0.314246536;0.494207764;0;4051;6646;10452;0;16;0;60;10987;0;0;8;136
20130201;10;21;12483;ReprEvadiu;0;5;60;0;175;0.216854923;0.291115918;0.034607066;0.457422094;2707;3634;432;5710;0;7;0;10;2943;0;0;4;97
20130201;2;14;15951;ReprEvadiu;1;7;0;3;588;0;0.020249514;0;0.979750486;0;323;0;15628;0;3;0;21;5166;0;0;6;68
20130201;2;5;6358;ReprEvadiu;0;7;0;0;45;0;0;0.095784838;0.904215162;0;0;609;5749;0;2;0;35;3919;0;0;0;82
20130201;0;12;8405;ReprEvadiu;0;10;0;0;0;0;0;0.148839976;0.851160024;0;0;1251;7154;0;4;0;33;4243;0;0;0;88
20130201;4;19;28150;Sucesso;0;9;360;0;2433;0.242557726;0.114706927;0.201634103;0.441101243;6828;3229;5676;12417;0;6;0;74;16042;0;0;6;162
20130201;5;10;5479;ReprEvadiu;0;4;46;0;132;0;0;0.415404271;0.584595729;0;0;2276;3203;0;1;0;16;3828;0;0;0;35
20130201;3;8;15377;ReprEvadiu;0;1;0;0;0;0;0;0.615984913;0.384015087;0;0;9472;5905;0;7;0;47;11016;0;0;4;99
20130201;2;9;4587;ReprEvadiu;0;0;0;0;0;0;0.415740135;0.199040767;0.385219097;0;1907;913;1767;0;8;0;6;1458;0;0;2;35
20130201;0;7;23054;ReprEvadiu;0;9;0;0;22;0;0;0;1;0;0;0;23054;0;12;0;81;18900;0;0;4;157
20130201;1;7;11680;ReprEvadiu;0;8;0;0;7;0;0.030136986;0.372174658;0.597688356;0;352;4347;6981;0;5;0;23;5944;0;0;2;61
20130201;2;11;15568;ReprEvadiu;0;3;0;11;1277;0.068024152;0.151978417;0.280832477;0.499164954;1059;2366;4372;7771;0;5;0;134;10577;0;0;19;200
20130201;2;25;38247;ReprEvadiu;0;12;0;23;5746;0;0.091928779;0.153371506;0.754699715;0;3516;5866;28865;0;18;0;64;14744;0;0;27;220
20130201;5;13;23871;Sucesso;1;18;17;0;0;0;0.327426585;0.222529429;0.450043986;0;7816;5312;10743;0;8;0;68;13814;0;0;7;147
20130201;0;5;2489;ReprEvadiu;0;4;0;0;0;0;0.218159904;0.781840096;0;0;543;1946;0;0;0;0;22;2162;0;0;0;33
20130201;9;18;33213;Sucesso;4;34;1034;19;7116;0;0;0.203444434;0.796555566;0;0;6757;26456;0;5;0;66;15543;0;0;27;207
20130201;7;15;12908;ReprEvadiu;0;3;8;6;1724;0;0;0.156879455;0.843120545;0;0;2025;10883;0;9;0;40;4047;0;0;12;124
20130201;2;15;15993;ReprEvadiu;0;9;0;2;981;0;0.586944288;0.266804227;0.146251485;0;9387;4267;2339;0;12;0;42;8744;0;0;6;97
20130201;9;23;40378;ReprEvadiu;2;8;202;23;2790;0.019540344;0.207291099;0.136485215;0.636683342;789;8370;5511;25708;0;17;0;112;24080;0;0;31;230
20130201;0;6;2476;ReprEvadiu;0;2;0;0;47;0;0.118336026;0.143780291;0.737883683;0;293;356;1827;0;2;0;13;1256;0;0;0;33
20130201;6;10;11363;Sucesso;0;2;0;0;0;0.186306433;0;0.389861832;0.423831735;2117;0;4430;4816;0;13;0;29;6406;0;0;8;88
20130201;1;9;8015;ReprEvadiu;0;2;0;0;1005;0;0.38128509;0.178665003;0.440049906;0;3056;1432;3527;0;10;0;33;3232;0;0;6;67
20130202;1;9;13619;ReprEvadiu;1;2;0;0;238;0.022028049;0;0.33240326;0.645568691;300;0;4527;8792;0;6;0;24;5302;0;0;5;71
20130202;0;5;5069;ReprEvadiu;1;3;0;1;129;0.064707043;0.115012823;0.676464786;0.143815348;328;583;3429;729;0;5;0;12;1319;0;0;2;43
20130202;15;16;26040;ReprEvadiu;5;30;1202;3;2941;0;0.011520737;0.474577573;0.51390169;0;300;12358;13382;0;19;0;78;8976;0;0;8;306
20130202;10;25;15624;ReprEvadiu;1;14;78;0;21;0;0.402841782;0.533474142;0.063684076;0;6294;8335;995;0;25;0;32;5364;0;0;3;143
20130202;0;7;9878;ReprEvadiu;0;6;0;0;824;0;0;0.296011338;0.703988662;0;0;2924;6954;0;2;0;19;6037;0;0;0;79
20130202;4;14;9627;ReprEvadiu;1;3;0;2;934;0;0.061285967;0.61846889;0.320245144;0;590;5954;3083;0;11;0;20;2482;0;0;7;95
20130202;3;11;16852;ReprEvadiu;0;1;0;0;76;0.096190363;0.024032756;0.441015903;0.438760978;1621;405;7432;7394;0;15;0;35;9054;0;0;4;108
20130202;14;27;43291;ReprEvadiu;1;13;86;1;710;0.087362269;0.023261186;0.135201312;0.754175233;3782;1007;5853;32649;0;50;0;81;14385;0;0;4;313
20130202;10;20;30383;Sucesso;1;10;35;94;10976;0.040614817;0;0.055030774;0.904354409;1234;0;1672;27477;0;23;0;43;7928;0;0;99;174
20130202;0;11;7741;ReprEvadiu;1;9;0;0;33;0;0.3462085;0;0.6537915;0;2680;0;5061;0;15;0;26;2696;0;0;3;81
20130202;1;10;4422;ReprEvadiu;0;0;0;0;0;0;0.388511986;0.396200814;0.2152872;0;1718;1752;952;0;1;0;16;1465;0;0;0;33
20130202;8;12;14480;Sucesso;4;18;81;0;365;0;0.151035912;0.183632597;0.665331492;0;2187;2659;9634;0;19;0;49;4605;0;0;8;153
20130202;19;16;19960;ReprEvadiu;1;11;225;5;2261;0;0;0.038627255;0.961372745;0;0;771;19189;0;11;0;52;4474;0;0;8;190
20130202;0;0;0;ReprEvadiu;0;0;0;0;0;0;0;0;0;0;0;0;0;0;0;0;0;0;0;0;0;0
20130202;0;0;0;ReprEvadiu;0;0;0;0;0;0;0;0;0;0;0;0;0;0;0;0;0;0;0;0;0;0
20130202;10;15;25008;ReprEvadiu;0;8;85;2;3848;0.015235125;0.111164427;0.011996161;0.861604287;381;2780;300;21547;0;30;0;41;8320;0;0;10;209
20130202;8;16;26864;ReprEvadiu;0;10;35;8;1476;0;0;0.287559559;0.712440441;0;0;7725;19139;0;16;0;99;13882;0;0;12;233
20130202;4;8;9739;ReprEvadiu;1;12;25;0;397;0;0.618441318;0.319950714;0.061607968;0;6023;3116;600;0;2;0;16;3789;0;0;1;61
20130202;3;26;61307;Sucesso;1;28;0;45;6791;0.0505815;0.106333698;0.24979203;0.593292772;3101;6519;15314;36373;0;26;0;180;29704;0;0;52;407
20130202;2;16;25720;Sucesso;0;8;0;0;600;0;0.49222395;0.282659409;0.225116641;0;12660;7270;5790;0;14;0;63;11549;0;0;4;194
20130202;10;15;25609;Sucesso;0;7;0;23;6233;0;0;0.153617869;0.846382131;0;0;3934;21675;0;18;0;44;6926;0;0;27;129
20130202;8;16;13917;ReprEvadiu;0;1;0;0;0;0.053387943;0.122009054;0.465330172;0.359272832;743;1698;6476;5000;0;18;0;7;990;0;0;4;79
20130202;12;25;55001;Sucesso;1;10;0;49;5833;0.056689878;0.091325612;0.437064781;0.414919729;3118;5023;24039;22821;0;23;0;117;22916;0;0;54;319
20130202;7;27;22839;Sucesso;1;18;0;0;401;0;0.202548273;0.632339419;0.165112308;0;4626;14442;3771;0;22;0;40;6159;0;0;15;238
20130202;8;20;44774;Sucesso;1;24;1596;1;1457;0;0.179791843;0.399249564;0.420958592;0;8050;17876;18848;0;10;0;76;14745;0;0;6;233
20130202;0;5;2680;ReprEvadiu;0;5;0;0;44;0;0.258208955;0.121268657;0.620522388;0;692;325;1663;0;4;0;6;672;0;0;0;25
20130202;5;13;9828;ReprEvadiu;1;6;0;1;311;0;0.147435897;0.121794872;0.730769231;0;1449;1197;7182;0;11;0;16;2855;0;0;6;69
20130202;3;14;25569;ReprEvadiu;6;36;308;31;3593;0.060150964;0;0.079627674;0.860221362;1538;0;2036;21995;0;24;0;70;9833;0;0;41;264
20130202;10;23;24758;ReprEvadiu;0;11;24;0;10;0;0.139752807;0.525567493;0.334679699;0;3460;13012;8286;0;20;0;54;11250;0;0;6;183
20130202;39;35;71113;Sucesso;2;48;510;17;8074;0;0.234106282;0.392150521;0.373743197;0;16648;27887;26578;0;41;0;155;18253;0;0;25;553
20130202;12;23;39708;Sucesso;0;14;30;21;3117;0.032562708;0.040873376;0.355646217;0.570917699;1293;1623;14122;22670;0;17;0;77;18401;0;0;25;214
20130202;0;10;14727;ReprEvadiu;0;3;0;9;3723;0;0.023901677;0.144496503;0.83160182;0;352;2128;12247;0;10;0;27;3523;0;0;11;95
20130202;12;29;35182;ReprEvadiu;1;16;842;21;5309;0.048831789;0.066880791;0.341225627;0.543061793;1718;2353;12005;19106;0;20;0;97;9289;0;0;25;249
20130202;11;22;43612;Sucesso;2;58;126;15;3418;0;0.096487205;0.072686417;0.830826378;0;4208;3170;36234;0;12;0;93;13245;0;0;21;582
20130202;1;13;16097;ReprEvadiu;0;17;0;7;1322;0;0;0.254767969;0.745232031;0;0;4101;11996;0;13;0;84;7144;0;0;9;176
20130202;3;17;17184;ReprEvadiu;0;6;0;0;0;0.037767691;0.127211359;0.08630121;0.748719739;649;2186;1483;12866;0;19;0;53;10010;0;0;4;130
20130202;13;19;15763;Sucesso;2;15;110;0;166;0;0.164562583;0.068070799;0.767366618;0;2594;1073;12096;0;19;0;60;4629;0;0;7;194
20130202;5;25;27510;ReprEvadiu;8;28;311;0;14;0;0.500981461;0.085568884;0.413449655;0;13782;2354;11374;0;38;0;53;11458;0;0;12;300
20130202;0;2;1009;ReprEvadiu;0;0;0;0;0;0;0.297324083;0;0.702675917;0;300;0;709;0;0;0;2;318;0;0;0;6
20130202;2;8;8425;ReprEvadiu;1;5;12;1;742;0;0.124154303;0.130089021;0.745756677;0;1046;1096;6283;0;8;0;27;4729;0;0;6;76
20130202;0;1;0;ReprEvadiu;0;0;0;0;0;0;0;0;0;0;0;0;0;0;0;0;0;0;0;0;0;1
20130202;0;0;0;ReprEvadiu;0;0;0;0;0;0;0;0;0;0;0;0;0;0;0;0;0;0;0;0;0;0
20130202;10;19;20749;ReprEvadiu;3;13;300;0;8;0;0.601281989;0.305508699;0.093209311;0;12476;6339;1934;0;17;0;50;8980;0;0;11;132
20130202;0;2;300;ReprEvadiu;0;0;0;0;0;0;0;1;0;0;0;300;0;0;1;0;0;0;0;0;0;2
20130202;11;22;31476;Sucesso;0;7;123;50;5793;0;0.346645063;0.151226331;0.502128606;0;10911;4760;15805;0;7;0;111;14438;0;0;54;241
20130202;8;25;21697;Sucesso;1;7;409;0;22;0.071161912;0.114531963;0.27496889;0.539337236;1544;2485;5966;11702;0;7;0;39;11342;0;0;5;126
20130202;4;16;11690;Sucesso;0;4;0;0;24;0.146963216;0;0.090675791;0.762360992;1718;0;1060;8912;0;14;0;48;4348;0;0;4;140
20130202;0;0;0;ReprEvadiu;0;0;0;0;0;0;0;0;0;0;0;0;0;0;0;0;0;0;0;0;0;0
20130202;0;4;4018;ReprEvadiu;0;2;0;0;299;0;0;0.074664012;0.925335988;0;0;300;3718;0;1;0;20;2523;0;0;0;38
20130202;4;14;16623;ReprEvadiu;0;5;0;0;97;0;0.119833965;0.330566083;0.549599952;0;1992;5495;9136;0;9;0;50;8520;0;0;4;122
20130202;5;12;13961;Sucesso;0;5;14;2;942;0;0.132655254;0.171692572;0.695652174;0;1852;2397;9712;0;11;0;40;3614;0;0;6;99
20130202;3;17;8654;Sucesso;0;3;0;0;0;0.230875896;0.129304368;0.168361451;0.471458285;1998;1119;1457;4080;0;13;0;6;1119;0;0;4;61
20130202;5;25;43943;Sucesso;3;29;0;15;3640;0;0.244566825;0.568440935;0.18699224;0;10747;24979;8217;0;11;0;112;19779;0;0;22;291
20130202;0;2;300;ReprEvadiu;0;0;0;0;0;0;0;0;1;0;0;0;300;0;0;0;0;0;0;0;0;2
20130202;5;11;14750;Sucesso;0;5;58;0;80;0.025762712;0.157016949;0.441491525;0.375728814;380;2316;6512;5542;0;12;0;79;8708;0;0;4;135
20130202;4;18;19847;Sucesso;4;32;318;2;1633;0;0.217564367;0.314505971;0.467929662;0;4318;6242;9287;0;24;0;42;6999;0;0;10;189
20130202;0;2;981;ReprEvadiu;1;3;0;0;0;0;0;0.305810398;0.694189602;0;0;300;681;0;0;0;6;353;0;0;1;16
20130202;0;2;747;ReprEvadiu;0;0;0;0;0;0;0;0.443105756;0.556894244;0;0;331;416;0;0;0;3;615;0;0;0;5
20130202;0;3;2615;ReprEvadiu;0;0;0;0;0;0;0;0;1;0;0;0;2615;0;0;0;9;1848;0;0;0;14
20130202;0;17;13715;ReprEvadiu;1;9;0;1;536;0;0;0.502880058;0.497119942;0;0;6897;6818;0;10;0;31;5358;0;0;4;112
20130202;10;16;18371;ReprEvadiu;2;9;697;0;0;0.036579391;0.16052474;0.124435251;0.678460617;672;2949;2286;12464;0;8;0;49;10722;0;0;4;111
20130202;6;11;10585;ReprEvadiu;1;4;30;5;960;0.031365139;0.104865376;0.347000472;0.516769013;332;1110;3673;5470;0;1;0;17;4867;0;0;6;54
20130202;1;12;17842;Sucesso;3;21;0;0;0;0.081605201;0.094384038;0.135859209;0.688151553;1456;1684;2424;12278;0;42;0;22;5182;0;0;7;141
20130202;0;0;0;ReprEvadiu;0;0;0;0;0;0;0;0;0;0;0;0;0;0;0;0;0;0;0;0;0;0
20130202;0;0;0;ReprEvadiu;0;0;0;0;0;0;0;0;0;0;0;0;0;0;0;0;0;0;0;0;0;0
20130202;5;22;22961;Sucesso;0;5;0;4;1213;0;0.080789164;0.340621053;0.578589783;0;1855;7821;13285;0;11;0;54;9670;0;0;8;134
20130202;0;0;0;ReprEvadiu;0;0;0;0;0;0;0;0;0;0;0;0;0;0;0;0;0;0;0;0;0;0
20130202;0;0;0;ReprEvadiu;0;0;0;0;0;0;0;0;0;0;0;0;0;0;0;0;0;0;0;0;0;0
20130202;5;8;9380;ReprEvadiu;0;0;0;0;0;0.245948827;0.175906183;0.228144989;0.35;2307;1650;2140;3283;0;7;0;21;4258;0;0;0;59
20130202;4;25;40811;ReprEvadiu;0;12;0;22;2544;0;0.030432972;0.234373086;0.735193943;0;1242;9565;30004;0;33;0;78;12329;0;0;32;329
20130202;2;12;19984;Sucesso;1;13;0;0;0;0.058797038;0.017113691;0.154373499;0.769715773;1175;342;3085;15382;0;16;0;35;6991;0;0;5;155
20130202;22;23;60384;Sucesso;10;53;1025;61;5011;0.07299947;0.116620297;0.416385135;0.393995098;4408;7042;25143;23791;0;9;0;107;25746;0;0;75;344
20140101;8;19;28196;ReprEvadiu;0;6;144;3;1612;0.010639807;0.101716556;0.085118457;0.802525181;300;2868;2400;22628;0;10;749;16;5736;0;0;3;134
20140101;23;23;48996;Sucesso;0;20;310;8;940;0.041595232;0.038635807;0.130153482;0.789615479;2038;1893;6377;38688;0;11;2780;98;16580;0;0;8;414
20140101;15;26;32594;ReprEvadiu;0;13;0;2;1645;0.046296864;0.129809167;0.280879917;0.543014052;1509;4231;9155;17699;0;10;559;117;11075;0;0;2;296
20140101;36;32;91618;ReprEvadiu;10;215;114;0;5;0;0.231897662;0.142788535;0.625313803;0;21246;13082;57290;0;50;1196;136;12854;0;0;11;1316
20140101;7;6;5088;ReprEvadiu;0;2;26;0;0;0;0.569772013;0.176886792;0.253341195;0;2899;900;1289;0;1;28;17;1728;0;0;0;50
20140101;5;15;9022;ReprEvadiu;4;7;0;0;395;0;0.060740412;0.387275549;0.551984039;0;548;3494;4980;0;3;330;27;3550;0;0;4;80
20140101;6;21;30844;ReprEvadiu;2;22;387;37;3229;0;0.140967449;0.426565945;0.432466606;0;4348;13157;13339;0;9;1245;36;6430;0;0;40;199
20140101;6;20;22087;ReprEvadiu;1;8;0;3;866;0.055190836;0.030244035;0.150450491;0.764114638;1219;668;3323;16877;0;7;365;26;4780;0;0;4;160
20140101;0;8;8455;ReprEvadiu;1;7;0;0;4;0;0.040212892;0.383205204;0.576581904;0;340;3240;4875;0;8;647;7;1081;0;0;1;65
20140101;7;19;16335;ReprEvadiu;0;3;6;0;0;0;0.278726661;0.681114172;0.040159167;0;4553;11126;656;0;8;669;54;7224;0;0;0;141
20140101;10;24;40573;Sucesso;6;34;20;0;710;0;0.053089493;0.230350233;0.716560274;0;2154;9346;29073;0;5;480;83;12944;0;0;6;314
20140101;12;32;56800;ReprEvadiu;6;49;357;2;2009;0;0.234612676;0.182640845;0.582746479;0;13326;10374;33100;0;9;219;84;10608;0;0;8;428
20140101;7;16;14036;Sucesso;1;2;0;5;805;0;0.328013679;0.354944429;0.317041892;0;4604;4982;4450;0;15;954;27;4863;0;0;6;120
20140101;3;12;7379;Sucesso;0;1;0;0;4;0;0.097709717;0.337715138;0.564575146;0;721;2492;4166;0;4;685;13;1824;0;0;0;47
20140101;6;14;6680;ReprEvadiu;0;0;0;0;300;0;0.229341317;0.382185629;0.388473054;0;1532;2553;2595;0;8;1251;27;1540;0;0;0;84
20140101;6;12;16195;Sucesso;2;11;387;0;931;0.154924359;0.131522075;0.180673047;0.532880519;2509;2130;2926;8630;0;7;1000;37;4562;0;0;2;147
20140101;0;8;10414;ReprEvadiu;0;0;0;1;1862;0;0.278951412;0.088342616;0.632705973;0;2905;920;6589;0;3;120;27;4879;0;0;1;71
20140101;2;3;3022;ReprEvadiu;1;5;0;0;0;0.663136995;0;0.237590999;0.099272005;2004;0;718;300;0;0;0;18;611;0;0;1;41
20140101;16;18;32205;Sucesso;3;29;2177;0;1146;0.009315324;0.363142369;0.555317497;0.07222481;300;11695;17884;2326;0;11;809;152;12615;0;0;3;365
20140101;0;13;9477;ReprEvadiu;0;1;0;0;488;0;0.031655587;0.031655587;0.936688826;0;300;300;8877;0;0;0;17;1916;0;0;0;62
20140101;1;9;6406;ReprEvadiu;2;14;0;0;0;0;0.450827349;0.253668436;0.295504215;0;2888;1625;1893;0;1;300;11;1024;0;0;2;67
20140101;0;6;10217;ReprEvadiu;0;6;0;0;0;0;0.056180875;0.185964569;0.757854556;0;574;1900;7743;0;0;0;16;4360;0;0;0;63
20140101;1;4;2377;ReprEvadiu;0;1;0;0;0;0;0;0.873790492;0.126209508;0;0;2077;300;0;1;300;0;0;0;0;0;9
20140101;3;12;14814;ReprEvadiu;1;6;0;0;0;0;0.518226002;0.407654921;0.074119077;0;7677;6039;1098;0;8;1006;19;5238;0;0;1;75
20140101;0;9;20735;ReprEvadiu;0;2;0;0;0;0.142898481;0.032891247;0.489124668;0.335085604;2963;682;10142;6948;0;4;43;42;8803;0;0;0;125
20140101;14;20;19949;ReprEvadiu;10;20;832;0;0;0.035691012;0.448142764;0.385132087;0.131034137;712;8940;7683;2614;0;11;1652;25;6715;0;0;10;158
20140101;3;7;3547;ReprEvadiu;0;1;0;0;0;0.116154497;0;0.318579081;0.565266422;412;0;1130;2005;0;0;0;6;994;0;0;0;22
20140101;9;13;9759;Sucesso;0;1;0;0;0;0;0.031560611;0.537350138;0.431089251;0;308;5244;4207;0;9;739;15;3369;0;0;0;68
20140101;4;12;14403;Sucesso;0;3;0;0;0;0;0.497951816;0.476011942;0.026036242;0;7172;6856;375;0;12;1357;31;5925;0;0;0;133
20140101;33;29;102355;Sucesso;15;137;1657;58;6234;0;0.232201651;0.270822139;0.49697621;0;23767;27720;50868;0;7;1032;81;16659;0;0;77;618
20140101;27;37;91029;Sucesso;9;44;117;0;601;0;0.163991695;0.385558448;0.450449857;0;14928;35097;41004;0;11;1763;127;26761;0;0;9;592
20140101;20;28;57502;Sucesso;9;68;957;35;5350;0;0.179228549;0.235070085;0.585701367;0;10306;13517;33679;0;10;1201;85;13616;0;0;44;437
20140101;40;29;62841;ReprEvadiu;6;58;361;11;2606;0;0.260116803;0.323037507;0.41684569;0;16346;20300;26195;0;43;3938;91;19025;0;0;17;492
20140101;16;22;47070;Sucesso;2;45;99;19;3701;0;0;0.029764181;0.970235819;0;0;1401;45669;0;14;1689;60;9689;0;0;21;370
20140101;28;35;57074;Sucesso;5;87;368;39;5664;0.005799488;0.287994533;0.344359954;0.361846024;331;16437;19654;20652;0;20;2897;96;8056;0;0;45;674
20140101;11;23;35696;ReprEvadiu;3;53;0;9;2484;0.009580905;0.069447557;0.40912147;0.511850067;342;2479;14604;18271;0;18;988;80;9892;0;0;12;363
20140101;7;14;19708;Sucesso;5;27;0;20;1888;0.046935255;0.052516744;0.185406941;0.715141059;925;1035;3654;14094;0;14;848;34;4964;0;0;26;204
20140101;31;33;62972;Sucesso;3;75;339;1;845;0.062027568;0.004764022;0.268452646;0.664755764;3906;300;16905;41861;0;12;527;99;20591;0;0;4;585
20140101;7;22;65814;Sucesso;5;71;1541;24;7161;0.062494302;0.07478652;0.37719938;0.485519798;4113;4922;24825;31954;0;9;1400;63;12410;0;0;29;404
20140101;8;23;59242;Sucesso;5;97;307;0;57;0;0.271175855;0.34480605;0.384018095;0;16065;20427;22750;0;9;202;67;14569;0;0;5;503
20140101;8;23;59242;Sucesso;5;97;307;0;57;0;0.271175855;0.34480605;0.384018095;0;16065;20427;22750;0;9;202;67;14569;0;0;5;503
20140101;12;23;42007;ReprEvadiu;3;38;20;6;1180;0.04880139;0.097245697;0.217678006;0.636274907;2050;4085;9144;26728;0;21;914;63;12588;0;0;11;352
20140101;0;5;13725;ReprEvadiu;0;9;0;11;3538;0;0.053406193;0.297632058;0.648961749;0;733;4085;8907;0;2;49;25;3649;0;0;11;120
20140101;23;21;44848;Sucesso;7;58;69;13;2642;0.030837496;0.078152872;0.052733678;0.838275954;1383;3505;2365;37595;0;32;1332;89;15662;0;0;24;464
20140101;21;39;91579;Sucesso;5;50;809;0;713;0;0.04335055;0.221557344;0.735092106;0;3970;20290;67319;0;20;3847;116;25999;0;5;5;626
20140101;12;16;33836;Sucesso;0;11;91;0;1491;0;0;0.049562596;0.950437404;0;0;1677;32159;0;15;549;70;15629;0;0;0;240
20140101;7;18;36886;ReprEvadiu;4;48;329;8;2557;0.010681559;0.146234344;0.41381554;0.429268557;394;5394;15264;15834;0;12;1082;49;8738;0;0;12;345
20140101;0;1;0;ReprEvadiu;0;0;0;0;0;0;0;0;0;0;0;0;0;0;0;0;0;0;0;0;0;1
