PeriodoLetivo;Login_Quantidade;Numero_Dias_Acessados_Modulo_Somado;Turno_TempoUsoTotal_Somado;Forum_Quantidade_Post_Somado;Forum_Quantidade_Visualizacoes_Somado;Forum_TempoUso_Somado;Chat_Quantidade_Mensagens_Somado;Chat_TempoUso_Somado;Turno_PercentualUsoMadrugada_Somado;Turno_PercentualUsoManha_Somado;Turno_PercentualUsoTarde_Somado;Turno_PercentualUsoNoite_Somado;Turno_TempoUsoMadrugada_Somado;Turno_TempoUsoManha_Somado;Turno_TempoUsoTarde_Somado;Turno_TempoUsoNoite_Somado;Assignment_Post_Quantidade_Somado;Assignment_View_Quantidade_Somado;Assignment_View_TempoUso_Somado;Resource_View_Quantidade_Somado;Resource_View_Tempo_Somado;Questionario_Quantidade_Somado;Questionario_TempoUso_Somado;Log_Post_Quantidade_Somado;Log_View_Quantidade_Somado;Sucesso
20120101;14;12;35555;0;2;634;0;0;0;0.042750668;0.445872592;0.51137674;0;1520;15853;18182;0;55;0;48;13130;2;9266;81;168;1
20120101;2;18;37378;0;51;18;0;20;0;0.225506983;0.498073733;0.276419284;0;8429;18617;10332;0;28;0;89;19619;2;1656;32;373;0
20120101;8;25;46858;1;24;0;0;547;0.118357591;0.03858466;0.244419309;0.59863844;5546;1808;11453;28051;0;51;0;56;15047;2;5962;39;276;1
20120101;10;6;7156;0;2;364;0;0;0.041922862;0.117104528;0.041922862;0.799049748;300;838;300;5718;0;6;0;8;1926;1;1294;10;53;0
20120101;12;26;49152;0;50;535;0;839;0.012247721;0.303934733;0.352539063;0.331278483;602;14939;17328;16283;0;46;0;90;22425;2;3481;47;361;1
20120101;2;13;27695;0;5;203;0;49;0.225347536;0.159956671;0.392670157;0.222025636;6241;4430;10875;6149;0;26;0;54;12768;2;5789;35;175;0
20120101;8;18;45120;0;18;413;4;3081;0.092597518;0.114029255;0.091777482;0.701595745;4178;5145;4141;31656;0;34;0;93;10997;2;3544;54;326;1
20120101;0;6;1800;0;0;300;0;0;0;0.333333333;0.166666667;0.5;0;600;300;900;0;0;0;0;0;0;0;0;0;0
20120101;3;15;22626;0;16;0;0;370;0;0.02687174;0.013259082;0.959869177;0;608;300;21718;0;24;0;37;5508;2;2104;36;202;1
20120101;8;20;38422;0;17;385;0;0;0;0.007808027;0.235385977;0.756805997;0;300;9044;29078;0;24;0;57;17113;2;6315;39;216;0
20120101;1;13;27166;5;40;0;0;38;0.02966944;0.111499669;0.450784068;0.408046823;806;3029;12246;11085;0;24;0;54;12524;2;3567;37;205;1
20120101;4;12;38755;2;22;311;52;6472;0;0.078209263;0.216668817;0.70512192;0;3031;8397;27327;0;24;0;31;6286;2;9272;88;149;0
20120101;21;15;31933;1;20;2211;19;1872;0.011430182;0.029374002;0.221150534;0.738045282;365;938;7062;23568;0;39;0;71;6579;2;1229;54;261;0
20120101;18;31;68665;5;73;346;5;3946;0.004689434;0.110449283;0.122114614;0.762746669;322;7584;8385;52374;0;62;0;82;21678;2;5449;54;499;1
20120101;4;23;43327;1;13;0;7;3601;0.006924089;0.05765458;0.091421054;0.844000277;300;2498;3961;36568;0;37;0;89;11609;2;6227;75;325;0
20120101;4;14;27825;2;10;0;0;300;0.182246181;0.039424978;0.169020665;0.609308176;5071;1097;4703;16954;0;43;0;24;6547;2;4802;37;146;1
20120101;11;24;53816;1;28;1909;26;6270;0.07029508;0.021480601;0.120410287;0.787814033;3783;1156;6480;42397;0;43;0;107;16037;2;6551;71;331;1
20120101;0;3;3813;0;0;0;0;0;0.078678206;0;0;0.921321794;300;0;0;3513;0;0;0;29;2986;0;0;0;46;0
20120101;5;14;17631;0;6;0;0;8;0.095116556;0;0.587771539;0.317111905;1677;0;10363;5591;0;24;0;58;10209;0;2188;12;120;1
20120101;0;7;12312;0;8;0;0;75;0.036549708;0.047189734;0.316682911;0.599577648;450;581;3899;7382;0;8;0;28;4335;2;3002;30;107;0
20120101;3;21;52295;5;74;0;30;8484;0.023845492;0.076259681;0.151219046;0.748675782;1247;3988;7908;39152;0;25;0;53;11158;1;4891;61;352;1
20120101;12;25;62692;49;103;5608;133;6690;0.091813948;0.163609392;0.11404964;0.630527021;5756;10257;7150;39529;0;26;0;75;14369;2;3190;222;479;1
20120101;0;5;6863;0;0;0;0;0;0;0;0.716304823;0.283695177;0;0;4916;1947;0;0;0;17;2743;1;2751;13;35;0
20120101;0;5;4522;0;2;0;0;110;0;0.104157452;0.895842548;0;0;471;4051;0;0;3;0;9;2545;0;117;1;32;0
20120101;0;12;14917;0;2;0;0;0;0.198766508;0.022323523;0.404571965;0.374338004;2965;333;6035;5584;0;3;0;23;2524;1;8251;15;78;0
20120101;0;13;16281;0;9;0;0;522;0;0.037344143;0.298323199;0.664332658;0;608;4857;10816;0;9;0;49;5081;2;3203;24;116;0
20120101;9;16;37326;1;7;0;0;100;0;0.053314044;0.061003054;0.885682902;0;1990;2277;33059;0;41;0;61;9269;2;3415;41;243;0
20120101;15;24;41490;0;45;228;3;425;0;0.117377681;0.21472644;0.667895879;0;4870;8909;27711;0;50;0;43;7858;2;6019;36;355;1
20120101;4;15;27871;3;8;0;7;1972;0;0;0.097161925;0.902838075;0;0;2708;25163;0;32;0;34;7098;2;3459;46;142;1
20120101;2;12;26270;1;6;0;24;2759;0;0;0.024514656;0.975485344;0;0;644;25626;0;22;0;29;12338;1;1641;47;118;0
20120101;29;12;53755;6;40;3594;11;4068;0.02375593;0.03426658;0.111822156;0.830155334;1277;1842;6011;44625;0;28;0;54;13997;2;14483;165;283;1
20120101;9;13;30995;0;2;0;4;1513;0;0.031327633;0.227133409;0.741538958;0;971;7040;22984;0;35;0;27;3793;1;1663;32;144;0
20120101;2;22;30055;1;3;0;19;3971;0;0.245283647;0.246714357;0.508001996;0;7372;7415;15268;0;15;0;37;9870;2;1979;57;149;0
20120101;7;11;9228;0;5;0;0;0;0.035110533;0.117793671;0.726918075;0.12017772;324;1087;6708;1109;0;22;0;21;3563;0;13;6;113;0
20120101;0;1;415;0;3;0;0;0;0;0;0;1;0;0;0;415;0;0;0;8;176;0;75;0;19;0
20120101;27;33;79050;12;74;2826;31;7558;0.0999747;0.264503479;0.201189121;0.434332701;7903;20909;15904;34334;0;82;0;29;5507;2;6327;82;552;1
20120101;3;37;106725;19;181;4517;86;15075;0.002932771;0.036411338;0.149177793;0.811478098;313;3886;15921;86605;0;64;0;73;12018;2;4948;179;766;1
20120101;3;16;27606;4;16;0;7;2297;0;0.128957473;0.210533942;0.660508585;0;3560;5812;18234;0;2;0;24;3510;2;4101;32;198;0
20120101;0;0;0;0;0;0;0;0;0;0;0;0;0;0;0;0;0;0;0;0;0;0;0;0;0;0
20120101;9;17;34323;0;18;2371;1;192;0;0.084782799;0.152492498;0.762724704;0;2910;5234;26179;0;33;0;73;12832;2;5471;38;291;0
20120101;4;16;13032;0;2;0;0;320;0.531307551;0.073664825;0.204726826;0.190300798;6924;960;2668;2480;0;14;0;14;2012;1;2796;14;75;0
20120101;1;18;11979;0;0;0;0;0;0;0.117372068;0.479505802;0.40312213;0;1406;5744;4829;0;10;0;6;580;2;3533;42;66;0
20120101;2;13;22022;0;4;0;0;697;0.016665153;0.056716011;0.077195532;0.849423304;367;1249;1700;18706;0;31;0;64;5801;2;3112;39;240;0
20120101;0;7;3446;0;0;0;0;0;0.087057458;0;0.087057458;0.825885084;300;0;300;2846;0;3;0;5;551;2;594;13;23;0
20120101;8;25;89643;18;88;1831;51;10445;0;0.018651763;0.304128599;0.677219638;0;1672;27263;60708;0;66;0;80;20888;0;6528;146;644;1
20120101;0;0;0;0;0;0;0;0;0;0;0;0;0;0;0;0;0;0;0;0;0;0;0;0;0;0
20120101;7;8;15523;0;7;764;0;109;0;0.049539393;0.019326161;0.931134446;0;769;300;14454;0;15;0;62;5869;2;4592;64;168;0
20120101;2;20;33253;0;18;0;8;2867;0.298589601;0.034072114;0.266893213;0.400445073;9929;1133;8875;13316;0;24;0;45;10364;2;4108;45;222;1
20120101;8;17;38645;0;30;1120;3;2028;0;0.030508475;0.071212317;0.898279208;0;1179;2752;34714;0;46;0;57;12015;2;1764;31;282;1
20120101;0;3;6298;0;2;0;1;419;0;0;0;1;0;0;0;6298;0;1;0;14;2297;0;977;2;67;0
20120101;11;20;22163;0;3;217;0;1191;0;0.217299102;0.043044714;0.739656184;0;4816;954;16393;0;26;0;35;7520;1;2252;19;135;1
20120101;13;15;32586;0;3;5;14;2670;0.011017001;0;0.084269318;0.904713681;359;0;2746;29481;0;14;0;28;8958;2;6063;43;143;0
20120101;0;13;15003;1;7;0;32;3487;0;0.039992002;0.170965807;0.789042192;0;600;2565;11838;0;9;0;14;2569;1;2663;58;82;0
20120101;0;4;5799;0;11;0;0;75;0;0.493360924;0;0.506639076;0;2861;0;2938;0;0;0;28;2782;0;30;0;68;0
20120101;34;42;107685;10;256;2120;17;9831;0.048892603;0.081004782;0.302001207;0.568101407;5265;8723;32521;61176;0;45;0;107;20137;2;7105;97;1289;1
20120101;7;19;24204;0;11;0;0;0;0;0.285283424;0.52040985;0.194306726;0;6905;12596;4703;0;20;0;24;4648;2;4012;38;139;1
20120101;21;29;91726;21;115;3204;0;1621;0;0.105967774;0.48279659;0.411235637;0;9720;44285;37721;0;101;0;114;19073;3;17958;125;716;1
20120101;0;12;9124;0;0;0;4;470;0;0;0.087023235;0.912976765;0;0;794;8330;0;10;0;7;1011;2;1507;35;54;0
20120101;2;9;7849;0;0;0;0;0;0;0.349980889;0.416613581;0.233405529;0;2747;3270;1832;0;1;0;38;5748;0;38;0;57;1
20120101;24;16;34702;1;18;1913;0;13;0;0.203590571;0.517318887;0.279090542;0;7065;17952;9685;0;35;0;43;10974;2;12448;133;223;1
20120101;7;15;31173;2;35;1803;1;43;0.406120681;0.023930966;0.040419594;0.529528759;12660;746;1260;16507;0;37;0;46;11007;2;3918;36;287;0
20120101;8;26;56228;3;51;1618;2;965;0;0.132656328;0.110514334;0.756829338;0;7459;6214;42555;0;56;0;96;13318;2;9761;54;436;1
20120101;4;20;29281;0;8;577;4;750;0;0.021344899;0.441719887;0.536935214;0;625;12934;15722;0;47;0;46;10239;2;4463;52;204;1
20120101;22;33;100137;15;72;485;19;7850;0;0.300977661;0.161608596;0.537413743;0;30139;16183;53815;0;71;0;77;14516;2;8017;84;708;1
20120101;4;10;18545;0;7;0;5;1666;0.02836344;0;0.048530601;0.923105958;526;0;900;17119;0;25;0;17;4550;2;2291;34;133;1
20120101;14;25;51886;0;79;1598;0;1095;0;0.103823767;0.077766642;0.81840959;0;5387;4035;42464;0;31;0;92;18779;2;3878;35;416;1
20120101;18;30;46366;1;19;378;0;24;0.411637838;0.168377691;0.095091231;0.324893241;19086;7807;4409;15064;0;35;0;68;12075;2;6298;35;322;1
20120101;6;16;38415;0;23;710;4;5361;0;0.070285045;0.086216322;0.843498633;0;2700;3312;32403;0;24;0;67;10146;2;4194;55;307;1
20120101;7;13;17839;0;3;0;7;752;0;0.153988452;0.252424463;0.593587084;0;2747;4503;10589;0;28;0;110;5326;2;1860;43;206;1
20120101;9;21;28908;0;2;430;0;109;0.01356026;0.220008302;0.082710668;0.683720769;392;6360;2391;19765;0;33;0;13;2695;2;8423;56;119;1
20120101;2;11;25272;0;6;0;0;0;0;0;0.077951884;0.922048116;0;0;1970;23302;0;20;0;45;11078;2;4902;34;154;1
20120101;18;31;75524;8;34;207;32;6605;0.052486627;0.423322388;0.239420582;0.284770404;3964;31971;18082;21507;0;76;0;86;19354;2;14851;112;458;1
20120101;0;0;0;0;0;0;0;0;0;0;0;0;0;0;0;0;0;0;0;0;0;0;0;0;0;0
20120101;0;5;8889;0;7;0;0;0;0;0;0.254584318;0.745415682;0;0;2263;6626;0;4;0;27;3241;0;684;2;65;0
20120101;21;5;9210;0;0;0;15;1224;0;0;0;1;0;0;0;9210;0;11;0;8;2560;2;845;45;65;0
20120101;51;28;82045;5;51;1306;72;6947;0;0.082491316;0.306124688;0.611383997;0;6768;25116;50161;0;64;0;83;21484;2;14185;258;560;1
20120101;1;15;29552;3;29;0;0;0;0.073463725;0.085104223;0.676637791;0.164794261;2171;2515;19996;4870;0;26;0;33;5238;2;4502;47;254;0
20120101;9;19;56917;16;63;1414;28;2854;0.005270833;0.112778256;0.20575575;0.676195161;300;6419;11711;38487;0;38;0;58;16597;2;6498;89;375;1
20120101;13;22;29959;0;1;0;0;16;0.040688942;0.076905104;0.042190994;0.84021496;1219;2304;1264;25172;0;37;0;61;10138;2;5149;44;189;1
20120101;0;0;0;0;0;0;0;0;0;0;0;0;0;0;0;0;0;0;0;0;0;0;0;0;0;0
20120101;15;24;51182;9;40;6022;0;196;0.018365832;0.037982103;0.075319448;0.868332617;940;1944;3855;44443;0;38;0;80;19474;2;7304;47;298;1
20120101;1;19;27542;0;6;0;0;247;0.011618619;0.288613754;0.300196064;0.399571563;320;7949;8268;11005;0;24;0;25;4911;2;8095;41;179;1
20120101;19;21;58115;0;27;1185;0;96;0.028426396;0.080289082;0.245857352;0.64542717;1652;4666;14288;37509;0;80;0;99;19477;2;7096;41;476;1
20120101;3;16;13224;0;2;0;0;20;0;0.048018754;0.169086509;0.782894737;0;635;2236;10353;0;25;0;14;1294;2;1620;41;96;0
20120101;0;3;6907;0;4;0;0;0;0.108875054;0;0;0.891124946;752;0;0;6155;0;0;0;21;2821;1;2356;10;59;0
20120101;0;14;39526;3;16;0;0;63;0;0.117694682;0.440849061;0.441456257;0;4652;17425;17449;0;25;0;64;18453;1;7682;89;172;1
20120101;1;9;10544;0;0;0;0;0;0;0;0.085356601;0.914643399;0;0;900;9644;0;22;0;1;136;2;5359;39;48;1
20120101;14;31;105256;22;101;3474;66;8677;0.017880216;0.143982291;0.221365053;0.616772441;1882;15155;23300;64919;0;82;0;95;21875;2;12476;214;662;1
20120101;9;33;44227;0;2;0;11;2066;0.013860312;0.074750718;0.07956678;0.83182219;613;3306;3519;36789;0;39;0;48;9577;2;7326;45;319;1
20120101;15;18;37495;0;7;28;0;600;0.356074143;0.038805174;0.170316042;0.434804641;13351;1455;6386;16303;0;76;0;58;8651;2;6523;53;418;0
20120101;2;9;9659;1;10;0;0;0;0;0;0.397556683;0.602443317;0;0;3840;5819;0;22;0;18;955;2;1494;40;125;1
20120101;10;33;86263;23;45;4907;32;2371;0.038069624;0.278972445;0.357893883;0.325064048;3284;24065;30873;28041;0;65;0;93;18372;2;12478;145;462;0
20120101;1;14;13991;0;7;0;0;371;0;0.023372168;0.255235509;0.721392324;0;327;3571;10093;0;2;0;25;6656;0;460;0;124;0
20120101;1;11;20921;0;26;0;0;43;0;0.038908274;0.23067731;0.730414416;0;814;4826;15281;0;0;0;42;10459;1;4004;18;172;0
20120101;0;5;2478;0;0;0;0;0;0;0.090799031;0.634382567;0.274818402;0;225;1572;681;0;7;0;2;323;0;213;2;21;0
20120101;0;7;10278;0;0;0;0;0;0;0;0.547285464;0.452714536;0;0;5625;4653;0;18;0;19;3175;2;1950;27;74;0
20120101;8;18;35351;0;0;0;1;466;0.065825578;0;0.373002178;0.561172244;2327;0;13186;19838;0;30;0;54;14734;2;6128;53;174;1
20120101;3;18;15659;0;1;0;0;120;0;0.048342806;0.23187943;0.719777764;0;757;3631;11271;0;6;0;38;6355;1;3194;21;87;0
20120101;5;25;28678;0;19;0;0;21;0;0.307273868;0.511855778;0.180870354;0;8812;14679;5187;0;56;0;45;8244;2;3459;30;284;0
20120101;3;16;22805;1;18;0;0;279;0.140758606;0.01363736;0.031528174;0.814075861;3210;311;719;18565;0;20;0;24;7688;2;4301;44;197;1
20120101;6;21;32575;2;12;318;0;134;0;0;0.312079816;0.687920184;0;0;10166;22409;0;32;0;34;12596;2;4768;33;161;1
20120101;0;3;3943;0;1;0;0;0;0.082678164;0;0.628962719;0.288359117;326;0;2480;1137;0;0;0;1;12;0;326;2;14;0
20120101;0;0;0;0;0;0;0;0;0;0;0;0;0;0;0;0;0;0;0;0;0;0;0;0;0;0
20120101;2;9;7403;0;3;0;0;0;0;0.04714305;0.09766311;0.85519384;0;349;723;6331;0;22;0;2;861;0;0;6;66;0
20120101;8;21;31714;0;0;0;0;0;0.020937126;0.43261651;0.296903576;0.249542789;664;13720;9416;7914;0;50;0;44;13714;2;4963;27;170;1
20120101;0;15;15021;0;3;0;0;0;0;0.263564343;0.065508288;0.670927368;0;3959;984;10078;0;21;0;21;4092;2;1750;35;102;0
20120101;1;14;25567;0;11;0;0;1304;0.173896038;0.085813744;0.376031603;0.364258615;4446;2194;9614;9313;0;48;0;26;7176;1;2168;22;220;0
20120101;0;4;2644;0;1;0;0;0;0;0.113464448;0.135400908;0.751134644;0;300;358;1986;0;0;0;3;1386;0;0;0;9;0
20120101;7;22;23601;0;0;0;0;19;0;0;0.35193424;0.64806576;0;0;8306;15295;0;42;0;45;6129;0;16;8;173;0
20120101;0;8;4742;0;0;0;0;0;0.329396879;0;0.141290595;0.529312526;1562;0;670;2510;0;0;0;12;3149;0;0;0;21;0
20120101;3;10;11511;0;4;0;0;25;0;0;0.513074451;0.486925549;0;0;5906;5605;0;32;0;6;2074;0;694;6;118;0
20120101;4;22;33258;0;10;176;29;3535;0;0.021137771;0.33940706;0.639455169;0;703;11288;21267;0;74;0;59;8177;2;5400;100;255;0
20120101;12;19;43336;0;15;1051;0;132;0.007730294;0;0.122715525;0.869554181;335;0;5318;37683;0;48;0;44;12754;2;5118;49;243;1
20120101;2;16;15220;0;1;0;0;29;0.020236531;0.043889619;0.056570302;0.879303548;308;668;861;13383;0;13;0;25;4366;2;2597;36;87;0
20120101;7;29;52529;16;50;6;29;3471;0.324506463;0.025281273;0.141712197;0.508500067;17046;1328;7444;26711;0;68;0;80;15957;2;6545;109;466;0
20120101;3;29;69637;0;33;0;19;4667;0.119979321;0.053750162;0.309045479;0.517225038;8355;3743;21521;36018;0;72;0;177;28869;2;5633;78;611;1
20120101;1;9;5523;0;0;0;0;0;0;0.367553866;0.116603295;0.515842839;0;2030;644;2849;0;12;0;0;0;2;1542;27;57;0
20120101;0;1;0;0;0;0;0;0;0;0;0;0;0;0;0;0;0;0;0;0;0;0;0;0;1;0
20120101;56;35;78026;2;40;952;0;1824;0.072245149;0.12679107;0.232114936;0.568848845;5637;9893;18111;44385;0;70;0;108;23200;2;21862;195;692;1
20120201;47;39;102178;13;117;2602;121;9780;0;0.02020983;0.240863982;0.738926188;0;2065;24611;75502;0;47;0;106;22057;2;21881;386;719;1
20120201;18;26;96328;10;68;1430;54;13572;0.063782078;0.166493647;0.272392243;0.497332032;6144;16038;26239;47907;0;71;0;147;17837;2;21075;228;614;1
20120201;5;10;19657;1;2;0;10;2115;0;0;0.015261739;0.984738261;0;0;300;19357;0;16;0;47;9933;1;4195;25;100;0
20120201;0;10;12774;0;1;0;7;3563;0;0;0.023485204;0.976514796;0;0;300;12474;0;0;0;9;2646;0;37;7;52;0
20120201;17;25;42255;0;8;139;0;63;0.012590226;0.16753047;0.153543959;0.666335345;532;7079;6488;28156;0;44;0;38;9804;2;10705;87;268;0
20120201;0;9;25509;0;33;0;1;219;0.227684347;0;0;0.772315653;5808;0;0;19701;0;30;0;28;5014;2;4884;43;250;0
20120201;6;24;28270;0;4;0;2;426;0.015351963;0.247470817;0.159073222;0.578103997;434;6996;4497;16343;0;48;0;50;9031;2;4852;55;205;1
20120201;12;13;17203;0;3;327;0;0;0;0.27047608;0.436668023;0.292855897;0;4653;7512;5038;0;30;0;12;1690;2;6109;80;126;0
20120201;0;7;3540;0;0;0;0;0;0;0.491525424;0.254237288;0.254237288;0;1740;900;900;0;4;0;1;300;0;313;3;17;0
20120201;0;5;2415;0;0;0;0;13;0;0;0;1;0;0;0;2415;0;4;0;0;0;2;1220;19;34;0
20120201;0;19;47037;0;16;0;1;207;0;0.291706529;0.260603355;0.447690116;0;13721;12258;21058;0;27;0;53;11543;2;9464;41;289;0
20120201;1;10;6806;0;7;1;0;0;0;0.091683808;0.570819865;0.337496327;0;624;3885;2297;0;7;0;23;2847;0;1320;7;78;0
20120201;4;21;23972;0;2;28;0;3;0;0.231436676;0.082220924;0.686342399;0;5548;1971;16453;0;50;0;24;6335;2;3964;43;183;0
20120201;16;16;22365;0;1;5;0;333;0.055175497;0.089649005;0.119338252;0.735837246;1234;2005;2669;16457;0;28;0;15;4252;0;4388;33;161;0
20120201;2;11;12762;0;1;0;0;0;0;0.448989187;0.312725278;0.238285535;0;5730;3991;3041;0;38;0;14;1718;2;1273;32;112;0
20120201;0;0;0;0;0;0;0;0;0;0;0;0;0;0;0;0;0;0;0;0;0;0;0;0;0;0
20120201;4;14;36472;0;6;0;16;4327;0;0;0.049215837;0.950784163;0;0;1795;34677;0;32;0;58;13903;2;4133;52;219;0
20120201;28;29;48338;0;58;1404;0;1776;0.217116968;0.127911788;0.15898465;0.495986594;10495;6183;7685;23975;0;115;0;109;13489;2;6165;81;611;1
20120201;5;18;34022;3;16;30;0;331;0;0.036035506;0.192904591;0.771059902;0;1226;6563;26233;0;52;0;16;4138;1;9623;60;179;0
20120201;13;31;38677;2;34;1139;0;181;0.038782739;0.050288285;0.091501409;0.819427567;1500;1945;3539;31693;0;117;0;40;4659;2;9746;75;412;1
20120201;0;5;2711;0;0;0;0;0;0;0.545186278;0.110660273;0.344153449;0;1478;300;933;0;4;0;0;0;0;316;0;24;0
20120201;12;33;60919;0;15;0;1;538;0.033946716;0.394885011;0.109620972;0.461547301;2068;24056;6678;28117;0;33;0;61;12157;2;22278;222;313;1
20120201;4;16;49858;0;5;0;0;17;0.059669461;0.039070962;0.275141402;0.626118176;2975;1948;13718;31217;0;78;0;70;16024;0;14597;76;300;0
20120201;0;4;5031;0;1;0;0;14;0;0.059630292;0.434307295;0.506062413;0;300;2185;2546;0;0;0;30;3684;0;103;0;40;0
20120201;10;20;58150;3;13;780;0;668;0;0.126122098;0.406087704;0.467790198;0;7334;23614;27202;0;64;0;48;12277;2;22603;236;256;1
20120201;27;21;61509;2;34;4982;9;4442;0;0.026906632;0.119543481;0.853549887;0;1655;7353;52501;0;76;0;72;14003;2;13150;176;483;1
20120201;11;5;7511;0;1;29;1;320;0;0.156703502;0.499667155;0.343629344;0;1177;3753;2581;0;0;0;22;4201;0;1343;1;56;0
20120201;0;11;24741;1;23;0;37;7822;0.031445778;0;0.098136696;0.870417526;778;0;2428;21535;0;1;0;44;7349;1;2020;48;197;0
20120201;0;12;19365;1;5;0;4;809;0;0.055047767;0.210069713;0.73488252;0;1066;4068;14231;0;10;0;37;2283;2;5414;49;122;0
20120201;29;42;142481;3;65;549;244;26579;0.013026298;0.106561577;0.211473811;0.668938315;1856;15183;30131;95311;0;66;0;95;23551;2;26976;495;803;1
20120201;5;25;65422;3;60;6;16;4878;0.079514536;0.17709639;0.172281496;0.571107578;5202;11586;11271;37363;0;58;0;95;16875;2;6561;70;474;0
20120201;69;24;49400;2;13;70;2;1900;0;0.107732794;0.085546559;0.806720648;0;5322;4226;39852;0;99;0;69;11858;2;16919;125;430;1
20120201;27;30;107485;1;40;2815;29;4662;0.038824022;0.294441085;0.302200307;0.364534586;4173;31648;32482;39182;0;83;0;140;24531;2;28870;250;626;0
20120201;16;23;98207;1;38;1118;10;3719;0;0.060168827;0.336218396;0.603612777;0;5909;33019;59279;0;56;0;118;24995;2;35250;195;506;1
20120201;48;39;168675;10;189;4411;53;8051;0.003646065;0.133588261;0.28630206;0.576463613;615;22533;48292;97235;0;138;0;154;32030;2;34617;308;1080;1
20120201;0;18;43882;0;9;0;0;2209;0;0.055079531;0.218358325;0.726562144;0;2417;9582;31883;0;38;0;140;24251;0;733;5;383;0
20120201;19;34;114555;7;123;2949;7;5868;0.01703985;0.135829951;0.582244337;0.264885863;1952;15560;66699;30344;0;55;0;86;20862;2;27207;194;743;1
20120201;1;14;23242;0;4;0;9;1978;0;0;0;1;0;0;0;23242;0;18;0;36;3673;2;5164;48;127;0
20120201;8;18;25240;0;5;0;18;7863;0.079754358;0.025435816;0.086053883;0.808755943;2013;642;2172;20413;0;16;0;36;7042;0;445;18;137;0
20120201;35;40;98739;15;93;235;2;1744;0.052127326;0.121826229;0.417150265;0.408896181;5147;12029;41189;40374;0;73;0;88;18500;2;32502;292;675;1
20120201;25;25;93835;0;99;3765;6;5474;0.009623275;0.071295359;0.379229499;0.539851868;903;6690;35585;50657;0;48;0;62;14690;2;28708;249;622;1
20120201;6;20;73744;0;30;185;174;25154;0;0.004068128;0.190659579;0.805272293;0;300;14060;59384;0;27;0;65;15223;2;9864;291;333;1
20120201;7;29;60361;0;5;2;0;328;0.022796176;0.104024122;0.097148821;0.776030881;1376;6279;5864;46842;0;47;0;83;20250;2;10054;49;290;0
20120201;8;26;44851;0;6;0;0;1035;0.03801476;0.025618158;0.116853582;0.8195135;1705;1149;5241;36756;0;55;0;73;12579;2;12162;143;272;1
20120201;0;7;13782;0;9;0;6;1582;0.181468582;0;0;0.818531418;2501;0;0;11281;0;0;0;20;5425;2;3466;27;64;0
20120201;8;27;63465;5;20;1862;27;6512;0.006034822;0.167619948;0.295501457;0.530843772;383;10638;18754;33690;0;55;0;38;9167;2;25804;286;365;1
20120201;4;17;17993;0;0;0;6;1538;0;0.017784694;0.360140054;0.622075251;0;320;6480;11193;0;3;0;29;6180;2;2789;44;90;0
20120201;27;34;84715;6;54;2352;18;3329;0.011166854;0.158968305;0.362131854;0.467732987;946;13467;30678;39624;0;65;0;105;19596;2;23648;242;519;1
20120201;12;26;74331;1;90;3266;25;8732;0.254402605;0.007237895;0.02354334;0.71481616;18910;538;1750;53133;0;38;0;85;20816;2;7207;60;544;1
20120201;21;32;87303;8;57;500;133;13207;0.071372118;0.099240576;0.235536007;0.593851299;6231;8664;20563;51845;0;80;0;75;19427;2;12706;249;573;1
20120201;18;34;73577;12;102;1709;0;1160;0.047202251;0.05499001;0.477730813;0.420076926;3473;4046;35150;30908;0;63;0;70;15215;2;7658;75;530;1
20120201;5;18;32450;0;9;0;1;851;0;0.487334361;0.046409861;0.466255778;0;15814;1506;15130;0;42;0;43;8711;2;11207;49;209;0
20120201;21;22;37069;0;11;0;28;6511;0.130810111;0;0.057865062;0.811324827;4849;0;2145;30075;0;35;0;29;6895;2;4462;69;232;0
20120201;5;21;44891;1;11;0;13;4198;0;0.015704707;0.144951104;0.839344189;0;705;6507;37679;0;51;0;48;13169;0;5895;71;228;0
20120201;39;36;58101;0;10;561;3;1202;0;0.238257517;0.427858385;0.333884098;0;13843;24859;19399;0;74;0;53;10277;2;6919;52;544;1
20120201;0;4;5160;0;2;0;0;39;0;0;0;1;0;0;0;5160;0;0;0;19;3734;0;25;0;44;0
20120201;6;22;53258;0;27;0;66;12124;0.029817117;0;0.031431898;0.938750986;1588;0;1674;49996;0;87;0;83;9168;2;6593;148;529;0
20120201;18;25;75007;1;17;475;62;14544;0.004386257;0.123308491;0.227872065;0.644433186;329;9249;17092;48337;0;39;0;71;21540;2;10060;123;298;1
20120201;3;22;58420;4;38;0;0;314;0;0.056299213;0.386973639;0.556727148;0;3289;22607;32524;0;37;0;94;21765;2;17201;250;284;1
20120201;0;4;1145;0;1;0;0;32;0;0;0;1;0;0;0;1145;0;0;0;2;304;0;364;0;14;0
20120201;0;14;23444;1;5;0;5;1332;0;0.255758403;0.27610476;0.468136837;0;5996;6473;10975;0;6;0;76;10256;2;3991;38;155;0
20120201;3;23;41764;0;10;0;7;1825;0.007350828;0.33349296;0.102384829;0.556771382;307;13928;4276;23253;0;53;0;105;15351;2;9370;93;294;1
20120201;17;24;54715;5;25;191;16;2431;0.023832587;0;0.064278534;0.911888879;1304;0;3517;49894;0;77;0;78;16216;2;12698;106;393;1
20120201;0;11;14420;1;32;0;0;731;0;0.617614424;0.360679612;0.021705964;0;8906;5201;313;0;2;0;16;3692;1;2518;24;145;0
20120201;3;19;24044;0;8;655;0;1126;0;0.192896357;0.170229579;0.636874064;0;4638;4093;15313;0;31;0;30;7334;2;3759;26;129;1
20120201;8;16;42496;0;3;0;9;2879;0;0.129871047;0.218185241;0.651943712;0;5519;9272;27705;0;35;0;18;5268;2;18161;213;216;1
20120201;17;33;106107;19;148;8467;0;310;0.010809843;0.24583675;0.631815055;0.111538353;1147;26085;67040;11835;0;72;0;125;23457;2;13044;141;730;1
20120201;8;26;55821;0;9;0;88;14252;0;0.005965497;0.015997564;0.97803694;0;333;893;54595;0;45;0;45;8301;2;11434;172;249;0
20120201;0;12;23994;0;1;0;0;374;0;0.06064016;0;0.93935984;0;1455;0;22539;0;15;0;58;8658;2;5475;32;167;0
20120201;14;25;31912;0;15;44;1;29;0.211237152;0.144961143;0.194064929;0.449736776;6741;4626;6193;14352;0;58;0;58;9150;0;975;17;257;1
20120201;9;28;79618;2;15;300;1;383;0.321133412;0.157527192;0.090369012;0.430970384;25568;12542;7195;34313;0;147;0;45;12267;2;26945;269;521;1
20120201;7;22;59359;1;15;235;24;4527;0.021900638;0;0.091763675;0.886335686;1300;0;5447;52612;0;61;0;285;13712;2;14672;114;531;1
20120201;14;18;48124;0;5;0;1;224;0.006233896;0.163244951;0.577487324;0.253033829;300;7856;27791;12177;0;49;0;73;20426;2;7824;67;286;1
20120201;30;26;79617;2;53;4657;32;5648;0.047866662;0.335066631;0.17649497;0.440571737;3811;26677;14052;35077;0;61;0;72;6650;2;27116;197;594;1
20120201;2;14;11101;0;1;0;0;600;0;0.16421944;0.330961175;0.504819386;0;1823;3674;5604;0;2;0;39;4034;0;342;0;78;0
20120201;5;12;19640;0;7;0;0;31;0;0.030549898;0.18691446;0.782535642;0;600;3671;15369;0;19;0;22;4766;2;2295;27;136;0
20120201;8;18;28309;0;9;799;3;1216;0;0.084743368;0.347769261;0.567487372;0;2399;9845;16065;0;20;0;68;13759;0;824;14;240;0
20120201;5;19;47031;8;31;394;26;4507;0;0.12931896;0.400884523;0.469796517;0;6082;18854;22095;0;40;0;83;9121;2;13053;142;346;0
20120201;0;5;5790;0;5;0;0;0;0;0;0;1;0;0;0;5790;0;0;0;9;2931;0;1998;5;30;0
20120201;35;27;67324;2;16;28;15;2524;0.169746301;0.183114491;0.173504248;0.473634959;11428;12328;11681;31887;0;97;0;46;9420;2;18943;228;496;0
20120201;20;32;62812;0;23;298;3;3937;0.111714322;0.078965803;0.126042794;0.683277081;7017;4960;7917;42918;0;83;0;37;8774;2;18838;203;396;1
20120201;4;25;27957;0;7;0;0;27;0.024108452;0.185427621;0.30425296;0.486210967;674;5184;8506;13593;0;81;0;61;10550;0;345;11;246;1
20120201;27;35;110617;0;19;656;9;783;0;0.075051755;0.560402108;0.364546137;0;8302;61990;40325;0;75;0;170;32358;2;20987;166;714;0
20120201;2;16;27164;0;10;0;0;0;0;0.19514799;0.092696216;0.712155794;0;5301;2518;19345;0;23;0;81;12075;0;1215;6;229;0
20130101;19;33;73443;5;86;912;3;1575;0.011995697;0.120896478;0.229987882;0.637119943;881;8879;16891;46792;0;62;0;122;18881;2;9988;90;602;1
20130101;7;16;14740;0;2;863;0;0;0.023405699;0.119810041;0.236702849;0.620081411;345;1766;3489;9140;0;22;0;23;1953;0;3265;37;105;1
20130101;1;4;1240;0;0;0;0;0;0;0.008870968;0;0.991129032;0;11;0;1229;0;2;0;1;0;0;9;0;13;0
20130101;9;18;12269;0;1;303;0;0;0;0.077430923;0.324150297;0.598418779;0;950;3977;7342;0;25;0;2;86;1;597;17;91;1
20130101;5;20;32010;1;14;0;11;4366;0;0.021305842;0.263292721;0.715401437;0;682;8428;22900;0;25;0;26;8907;2;2815;44;205;0
20130101;8;17;16535;0;0;0;0;0;0;0.289023284;0.097853039;0.613123677;0;4779;1618;10138;0;25;0;16;2144;2;4192;50;126;0
20130101;7;17;23373;0;2;924;0;220;0;0.062550806;0.554828221;0.382620973;0;1462;12968;8943;0;21;0;37;9623;2;2489;54;127;0
20130101;11;20;38379;0;2;831;0;0;0;0.073634019;0.249016389;0.677349592;0;2826;9557;25996;0;21;0;71;12851;3;12713;125;160;1
20130101;2;9;6909;0;3;0;0;442;0.156317846;0;0.127514836;0.716167318;1080;0;881;4948;0;7;0;8;1147;0;28;2;47;0
20130101;11;22;45949;7;73;3719;3;1762;0;0.232279266;0.305469107;0.462251627;0;10673;14036;21240;0;31;0;29;4983;2;5765;57;385;1
20130101;2;16;12000;0;4;0;0;10;0.1965;0.081;0.093083333;0.629416667;2358;972;1117;7553;0;17;0;11;1826;0;10;4;71;0
20130101;2;8;11342;0;4;0;1;1225;0;0;0.161699877;0.838300123;0;0;1834;9508;0;1;0;25;2838;0;34;1;62;0
20130101;16;32;71155;10;75;2486;0;0;0;0.377204694;0.349799733;0.272995573;0;26840;24890;19425;0;46;0;106;19752;2;18699;161;512;1
20130101;12;29;30684;2;29;607;13;2671;0.019945248;0;0.010102985;0.969951766;612;0;310;29762;0;23;0;8;1352;2;5069;73;263;0
20130101;2;8;10488;0;1;0;2;583;0;0;0.052250191;0.947749809;0;0;548;9940;0;5;0;19;5415;0;326;4;51;0
20130101;16;20;30897;0;21;3290;0;0;0.010195165;0.009709681;0.040521734;0.939573421;315;300;1252;29030;0;31;0;44;8761;1;6720;36;244;0
20130101;1;9;5467;0;0;0;0;0;0;0.054874703;0;0.945125297;0;300;0;5167;0;2;0;3;1201;2;1403;39;25;0
20130101;10;24;30768;4;24;299;0;0;0.262447998;0.083625845;0.281461258;0.372464899;8075;2573;8660;11460;0;34;0;61;8223;0;347;14;307;1
20130101;53;36;92891;26;196;8684;0;351;0;0.149853054;0.233682488;0.616464458;0;13920;21707;57264;0;71;0;87;18255;2;18771;256;860;1
20130101;12;31;47381;1;21;75;6;1159;0.338658956;0.012663304;0.129672231;0.519005509;16046;600;6144;24591;0;53;0;56;8671;2;12445;96;343;1
20130101;1;17;17820;0;8;632;0;8;0.017171717;0.499943883;0.4828844;0;306;8909;8605;0;0;25;0;39;6065;0;530;13;149;0
20130101;0;3;7093;0;1;0;0;997;0;0;0.277456647;0.722543353;0;0;1968;5125;0;1;0;31;2487;1;1869;10;49;0
20130101;5;24;47998;0;2;0;5;2890;0;0.148527022;0.315096462;0.536376516;0;7129;15124;25745;0;36;0;99;20560;2;8900;56;243;1
20130101;13;17;37239;0;26;2721;0;919;0;0.172346196;0.484572625;0.343081178;0;6418;18045;12776;0;36;0;39;8829;2;7967;81;225;1
20130101;6;25;18219;1;8;0;0;0;0.032932653;0.140622427;0.067402163;0.759042758;600;2562;1228;13829;0;17;0;29;4250;0;949;5;138;0
20130101;14;25;41942;2;10;0;21;4028;0.156764103;0.007152735;0.136569548;0.699513614;6575;300;5728;29339;0;32;0;14;1987;2;6714;94;198;0
20130101;0;9;11137;0;3;0;7;723;0;0.20750651;0.243692197;0.548801293;0;2311;2714;6112;0;3;0;45;4640;1;1042;17;114;0
20130101;106;34;142272;28;222;15474;45;7389;0.117303475;0.049405364;0.217288012;0.616003149;16689;7029;30914;87640;0;79;0;208;26223;3;19226;310;1442;1
20130101;5;21;30322;0;11;0;22;2065;0.040531627;0.09662951;0.301662159;0.561176703;1229;2930;9147;17016;0;25;0;85;12730;1;2773;55;200;1
20130101;5;13;30540;0;3;585;0;0;0.009823183;0.011918795;0.722200393;0.256057629;300;364;22056;7820;0;27;0;49;11825;1;6379;59;129;1
20130101;0;7;6881;0;1;0;0;6;0;0.431042;0.525359686;0.043598314;0;2966;3615;300;0;4;0;18;2528;0;131;0;49;0
20130101;12;20;37231;0;7;295;0;34;0.029276678;0.213397438;0.438451828;0.318874057;1090;7945;16324;11872;0;47;0;99;13400;2;7020;59;285;1
20130101;0;11;18123;2;7;0;14;4046;0;0.033107101;0.454394968;0.512497931;0;600;8235;9288;0;8;0;18;3861;2;1807;42;86;0
20130101;1;15;18220;1;2;0;0;0;0;0.15740944;0.101481888;0.741108672;0;2868;1849;13503;0;25;0;21;6820;0;1332;20;87;0
20130101;9;24;47368;1;19;1842;0;915;0.028331363;0.156476946;0.336809661;0.47838203;1342;7412;15954;22660;0;32;0;107;16043;2;8930;66;304;1
20130101;11;27;38931;0;1;179;16;2468;0.053530605;0.016953071;0.151961162;0.777555162;2084;660;5916;30271;0;46;0;63;8675;2;2792;48;304;0
20130101;1;9;22577;2;19;0;0;39;0;0.53842406;0.162909155;0.298666785;0;12156;3678;6743;0;3;0;41;6271;2;7222;33;132;1
20130101;25;25;45187;3;22;942;3;169;0;0.133511851;0.135747007;0.730741142;0;6033;6134;33020;0;54;0;75;12390;2;12142;129;310;1
20130101;22;26;47765;0;10;2789;1;1531;0;0.018842249;0.579461949;0.401695802;0;900;27678;19187;0;59;0;42;7923;2;13972;152;279;0
20130101;13;19;27707;0;16;325;13;2840;0.078572202;0.064785072;0.213195221;0.643447504;2177;1795;5907;17828;0;17;0;41;4944;1;2374;28;199;1
20130101;2;9;5925;0;2;0;0;300;0.27021097;0;0.15257384;0.57721519;1601;0;904;3420;0;3;0;5;1054;2;1090;26;33;0
20130101;31;33;77458;8;71;7010;86;8371;0.074595265;0.113855251;0.115714323;0.695835162;5778;8819;8963;53898;0;57;0;84;16759;2;8953;157;566;1
20130101;18;30;53065;2;57;2584;0;337;0;0.371676246;0.284537831;0.343785923;0;19723;15099;18243;0;46;0;79;10258;2;13690;114;430;1
20130101;7;33;80360;15;36;710;7;3728;0.052787456;0.189547038;0.145047287;0.612618218;4242;15232;11656;49230;0;54;0;53;12739;2;6863;64;482;0
20130101;0;10;17762;0;8;0;1;577;0.035581579;0.074372255;0.176950794;0.713095372;632;1321;3143;12666;0;0;0;39;8259;0;1596;6;119;0
20130101;53;30;102823;7;100;11204;5;1258;0.193410035;0.093092012;0.251412622;0.462085331;19887;9572;25851;47513;0;71;0;131;31596;0;13268;162;685;1
20130101;5;15;14085;0;2;0;0;403;0.108839191;0.043805467;0.250337238;0.597018104;1533;617;3526;8409;0;23;0;14;3015;2;716;24;88;0
20130101;0;11;3892;0;2;0;0;93;0;0;0.077081192;0.922918808;0;0;300;3592;0;4;0;7;336;0;0;0;26;0
20130101;12;27;48736;5;15;0;31;5867;0.065290545;0.076083388;0.167371142;0.691254924;3182;3708;8157;33689;0;30;0;107;13464;2;5294;77;292;0
20130101;1;12;6921;0;1;0;0;300;0;0.470741222;0.179020373;0.350238405;0;3258;1239;2424;0;12;0;13;2171;0;318;2;45;0
20130101;0;1;1926;0;1;0;0;18;0;1;0;0;0;1926;0;0;0;0;0;7;116;0;1633;5;19;0
20130101;19;29;68206;12;80;5581;9;3198;0.010776178;0.165293376;0.283318183;0.540612263;735;11274;19324;36873;0;43;0;91;13901;2;12921;103;502;1
20130101;6;25;29988;0;3;0;0;300;0.159163665;0.010004002;0;0.830832333;4773;300;0;24915;0;46;0;41;5350;1;1490;16;214;1
20130101;10;23;42049;4;14;805;27;5692;0;0;0.075055293;0.924944707;0;0;3156;38893;0;40;0;80;9496;0;6789;78;288;1
20130101;7;19;24279;0;5;0;32;3841;0;0.040611228;0.214341612;0.74504716;0;986;5204;18089;0;33;0;20;3995;0;881;40;221;0
20130101;3;16;14534;0;1;0;2;153;0.07286363;0.177239576;0.148892253;0.601004541;1059;2576;2164;8735;0;15;0;34;4184;0;1368;16;115;0
20130101;0;1;1987;0;0;0;0;0;0;1;0;0;0;1987;0;0;0;1;0;5;307;0;12;0;12;0
20130101;14;30;40106;2;8;0;0;0;0.343065875;0.143644342;0.358175834;0.155113948;13759;5761;14365;6221;0;22;0;67;15197;2;5220;48;226;0
20130101;0;2;309;0;0;0;0;0;0;0.029126214;0.970873786;0;0;9;300;0;0;0;0;0;0;0;0;0;3;0
20130101;30;30;73791;13;74;9244;24;7049;0.085281403;0.0591129;0.257307802;0.598297895;6293;4362;18987;44149;0;26;0;75;18201;0;9770;136;456;1
20130101;13;25;61866;4;53;1117;11;5355;0.077328419;0.029531568;0.58967769;0.303462322;4784;1827;36481;18774;0;33;0;66;14025;2;12544;76;432;1
20130101;20;28;68562;2;16;3842;35;7782;0.010268079;0.10329337;0.240731017;0.645707535;704;7082;16505;44271;0;61;0;127;22516;2;10805;127;434;1
20130101;7;20;40031;4;16;783;13;1807;0;0.300342235;0.242861782;0.456795983;0;12023;9722;18286;0;42;0;41;11716;2;7581;100;226;1
20130101;0;8;17787;0;6;0;0;0;0;0.151346489;0.699612076;0.149041435;0;2692;12444;2651;0;30;0;45;6333;0;60;4;133;0
20130101;10;20;20584;0;0;0;1;728;0.046735328;0;0.031820832;0.92144384;962;0;655;18967;0;27;0;21;5301;2;1847;27;101;0
20130101;9;24;34796;1;16;0;0;1527;0.008707897;0.038452696;0.119266582;0.833572824;303;1338;4150;29005;0;38;0;46;7295;2;6800;54;228;1
20130101;32;31;96833;14;49;4609;6;1800;0;0.116406597;0.46832175;0.415271653;0;11272;45349;40212;0;31;0;197;33275;2;8465;68;607;1
20130101;7;13;17299;0;2;300;0;0;0.020579224;0;0.052951038;0.926469738;356;0;916;16027;0;23;0;38;8233;0;25;8;108;0
20130101;15;26;59602;3;49;1458;11;1892;0.046122613;0.090567431;0.086859501;0.776450455;2749;5398;5177;46278;0;43;0;87;11342;2;7425;64;433;1
20130201;10;19;44039;6;55;2571;0;35;0.059856037;0.086514226;0.299325598;0.55430414;2636;3810;13182;24411;0;86;0;56;9823;1;2536;48;350;1
20130201;3;13;30280;0;29;0;0;0;0.00990753;0.067206077;0.316809775;0.606076618;300;2035;9593;18352;0;62;0;54;12134;1;3112;43;235;1
20130201;4;18;24306;0;7;0;1;1167;0;0.013535752;0.150868098;0.835596149;0;329;3667;20310;0;32;0;39;9551;0;26;11;150;1
20130201;10;29;45038;1;22;0;26;8062;0.013255473;0.046849327;0.150561748;0.789333452;597;2110;6781;35550;0;64;0;76;11440;1;3633;49;365;1
20130201;30;18;65622;17;73;7718;30;2171;0.076285392;0.053320533;0.108424004;0.761970071;5006;3499;7115;50002;0;79;0;47;7586;1;1877;86;632;1
20130201;5;24;22897;1;9;300;1;317;0;0.298423374;0.286413067;0.415163559;0;6833;6558;9506;0;31;0;14;2480;1;1099;23;146;0
20130201;1;16;21310;0;2;0;19;3890;0;0.06973252;0.130455185;0.799812295;0;1486;2780;17044;0;23;0;4;707;1;2258;43;147;0
20130201;2;13;11251;1;2;0;0;0;0.036441205;0;0.26708737;0.696471425;410;0;3005;7836;0;17;0;11;2789;1;2671;23;73;0
20130201;7;30;41313;3;15;0;7;1686;0.021712294;0.236729359;0.206835621;0.534722727;897;9780;8545;22091;0;59;0;44;7764;1;4711;48;242;1
20130201;7;24;26336;2;6;84;0;0;0;0.523048299;0.38494836;0.092003341;0;13775;10138;2423;0;93;0;29;5192;1;1350;22;221;1
20130201;19;29;36206;9;20;279;0;10;0.42388002;0.248356626;0.077003812;0.250759543;15347;8992;2788;9079;0;67;0;52;6077;1;4797;35;338;1
20130201;0;1;2051;0;1;0;2;1074;0;0;0;1;0;0;0;2051;0;0;0;6;691;0;0;2;9;0
20130201;15;22;39464;0;18;1396;0;4;0.015457125;0;0.164098926;0.820443949;610;0;6476;32378;0;54;0;76;16705;1;2923;26;305;0
20130201;9;26;49082;0;31;887;0;454;0.133735382;0;0.080457194;0.785807424;6564;0;3949;38569;0;122;0;73;14580;1;2912;46;449;0
20130201;0;12;18284;0;9;0;0;301;0.032815576;0;0.09970466;0.867479764;600;0;1823;15861;0;26;0;28;7587;1;685;21;135;0
20130201;1;14;8651;0;0;0;1;298;0;0.374754364;0.153161484;0.472084152;0;3242;1325;4084;0;11;0;16;2322;1;456;10;71;0
20130201;11;24;30203;0;3;0;2;612;0.128629606;0;0.260239049;0.611131345;3885;0;7860;18458;0;76;0;54;8176;1;2531;24;243;0
20130201;3;15;29290;0;0;0;0;0;0;0.094298395;0.10686241;0.798839194;0;2762;3130;23398;0;43;0;33;8535;1;3672;31;131;1
20130201;0;12;19604;0;2;0;0;474;0.016425219;0.046878188;0.584115487;0.352581106;322;919;11451;6912;0;22;0;23;8818;1;2406;17;82;0
20130201;0;12;7866;0;0;0;0;0;0;0.038138825;0;0.961861175;0;300;0;7566;0;5;0;1;1172;1;2078;14;34;0
20130201;15;27;31502;0;15;315;0;0;0;0.353533109;0.494190845;0.152276046;0;11137;15568;4797;0;57;0;35;8952;1;1846;21;227;1
20130201;0;1;1634;0;0;0;0;775;0;0.183598531;0.816401469;0;0;300;1334;0;0;0;0;4;160;0;24;0;10;0
20130201;9;18;24697;2;8;0;0;19;0;0.192654978;0.793578167;0.013766854;0;4758;19599;340;0;31;0;18;4886;1;680;17;180;1
20130201;0;9;5713;1;2;0;0;0;0;0.330474357;0.124453002;0.545072641;0;1888;711;3114;0;11;0;4;240;0;1150;1;32;0
20130201;1;18;24494;0;2;0;26;6258;0.016534662;0.104719523;0.06009635;0.818649465;405;2565;1472;20052;0;31;0;9;1885;1;5426;57;103;0
20130201;0;11;11730;0;7;0;6;1188;0;0.121312873;0.106734868;0.771952259;0;1423;1252;9055;0;2;0;23;3415;1;2215;12;97;0
20130201;4;22;20800;0;5;0;0;0;0;0.451153846;0.424182692;0.124663462;0;9384;8823;2593;0;70;0;21;6769;1;2061;21;160;0
20130201;0;16;24462;2;18;0;54;4489;0.01226392;0.052734854;0.206197367;0.728803859;300;1290;5044;17828;0;20;0;12;2968;1;168;66;109;0
20130201;0;10;10974;0;4;0;0;0;0.592126845;0;0.054674686;0.353198469;6498;0;600;3876;0;7;0;27;4861;1;2447;17;60;0
20130201;0;2;4607;0;0;0;0;0;0;0;0;1;0;0;0;4607;0;0;0;3;1841;1;2556;10;9;0
20130201;29;37;80185;17;59;11754;7;3305;0.051717902;0.157747708;0.188214753;0.602319636;4147;12649;15092;48297;0;88;0;77;14366;1;2491;61;527;1
20130201;16;26;43755;1;35;2853;31;3503;0.048817278;0.014329791;0.060290253;0.876562679;2136;627;2638;38354;0;86;0;44;9104;1;1375;60;439;1
20130201;10;21;26368;0;8;205;0;300;0.020631068;0.070767597;0.108692354;0.799908981;544;1866;2866;21092;0;82;0;34;8262;1;665;26;193;1
20130201;4;18;38485;1;24;42;0;444;0;0.199220476;0.107210602;0.693568923;0;7667;4126;26692;0;50;0;91;23705;1;676;23;249;0
20130201;1;3;900;0;0;0;0;0;0;0.333333333;0;0.666666667;0;300;0;600;0;0;0;0;0;0;0;0;3;0
20130201;0;5;4703;0;1;0;0;0;0;0;0.437167765;0.562832235;0;0;2056;2647;0;0;0;7;1899;0;0;0;26;0
20130201;7;19;29816;0;9;0;0;0;0.158740274;0;0.318855648;0.522404078;4733;0;9507;15576;0;64;0;43;8624;1;1735;27;197;1
20130201;20;23;43063;0;19;1281;1;78;0.007105868;0.090425655;0.415879061;0.486589416;306;3894;17909;20954;0;73;0;29;5198;1;3010;24;401;1
20130201;0;13;10068;0;6;0;0;0;0.301549464;0;0.170738975;0.527711561;3036;0;1719;5313;0;39;0;18;1093;0;736;4;102;1
20130201;0;5;6623;0;5;0;0;11;0;0;0;1;0;0;0;6623;0;19;0;18;1169;0;29;4;69;0
20130201;25;36;56189;7;38;2843;5;1705;0;0.20206802;0.193169482;0.604762498;0;11354;10854;33981;0;77;0;94;13108;1;2025;33;395;1
20130201;11;26;39716;2;24;1232;0;0;0.017876926;0.061939772;0.363908752;0.556274549;710;2460;14453;22093;0;108;0;33;5416;1;3156;42;305;0
20130201;11;32;52415;0;14;300;22;7198;0.132175904;0.013126014;0.186110846;0.668587236;6928;688;9755;35044;0;74;0;81;12793;1;4884;63;322;1
20130201;1;12;10278;1;2;0;0;322;0.045534151;0;0.22105468;0.733411169;468;0;2272;7538;0;6;0;17;2256;1;2720;19;79;0
20130201;0;23;26820;0;10;0;0;328;0.151006711;0.122781506;0.187733035;0.538478747;4050;3293;5035;14442;0;54;0;72;11478;1;1941;16;216;0
20130201;7;27;34591;0;16;300;0;412;0;0.307825735;0.416640167;0.275534098;0;10648;14412;9531;0;43;0;73;12714;1;617;33;281;0
20130201;16;20;36453;1;10;403;0;0;0.164403478;0.083998574;0.197377445;0.554220503;5993;3062;7195;20203;0;63;0;43;12593;1;849;29;267;1
20130201;1;17;18469;0;12;0;3;1399;0.018355081;0;0.642698576;0.338946343;339;0;11870;6260;0;19;0;26;4195;1;1990;25;130;0
20130201;4;19;37430;4;33;15;18;6874;0;0.00964467;0.149532461;0.840822869;0;361;5597;31472;0;28;0;40;8567;1;2269;55;225;1
20130201;1;12;17714;0;2;0;3;1260;0;0.525403636;0.313142147;0.161454217;0;9307;5547;2860;0;20;0;33;5288;1;3052;23;89;0
20130201;1;5;4266;0;0;0;0;0;0;0.16854196;0.140646976;0.690811064;0;719;600;2947;0;1;0;14;964;1;1860;18;28;0
20130201;4;13;19253;0;7;0;10;1265;0;0;0.074378019;0.925621981;0;0;1432;17821;0;19;0;29;5909;1;1066;26;99;0
20130201;10;30;53706;2;5;0;12;2378;0.039623133;0.194577887;0.17478494;0.591014039;2128;10450;9387;31741;0;54;0;96;22049;1;3743;45;325;0
20130201;10;30;58356;4;58;0;11;3539;0;0.058074577;0.415792721;0.526132703;0;3389;24264;30703;0;104;0;40;9097;1;4811;75;492;1
20130201;0;2;2283;0;0;0;3;276;0;0;0;1;0;0;0;2283;0;1;0;9;1259;0;0;3;18;0
20130201;0;10;7240;0;0;0;0;621;0;0.052486188;0.664640884;0.282872928;0;380;4812;2048;0;4;0;9;1993;0;1166;13;49;0
20130201;3;24;37306;0;14;0;0;0;0;0.252291857;0.341580443;0.406127701;0;9412;12743;15151;0;48;0;62;11068;1;1808;11;213;0
20130201;6;35;47114;0;3;0;0;28;0.013053445;0.142144585;0.231672114;0.613129855;615;6697;10915;28887;0;69;0;67;14346;1;2675;32;277;0
20130201;6;16;17283;0;1;18;1;612;0.154544929;0;0.134409535;0.711045536;2671;0;2323;12289;0;28;0;25;5573;0;80;5;141;0
20130201;23;32;58545;8;47;1364;24;2814;0.368332052;0.047775216;0.099479033;0.484413699;21564;2797;5824;28360;0;80;0;70;18774;1;2964;56;421;1
20130201;22;28;43864;2;33;4217;5;2985;0.130904614;0.021680649;0.224056174;0.623358563;5742;951;9828;27343;0;62;0;50;7611;1;3254;52;306;1
20130201;11;25;60027;6;22;0;30;6281;0;0.074183284;0.301797524;0.624019191;0;4453;18116;37458;0;58;0;76;21951;1;2896;59;307;1
20130201;4;19;32346;0;56;0;17;4298;0;0.075743523;0.375626043;0.548630433;0;2450;12150;17746;0;23;0;38;9292;1;1736;37;307;0
20130201;11;30;82423;11;80;4062;45;8718;0.054802664;0.08808221;0.204275506;0.65283962;4517;7260;16837;53809;0;83;0;63;16650;1;5121;99;494;1
20130201;35;23;61284;0;26;1906;1;2411;0.141913061;0.004895242;0.325305137;0.527886561;8697;300;19936;32351;0;82;0;57;15647;1;1817;29;391;0
20130201;0;9;10022;0;6;0;1;1299;0;0.08680902;0.069546997;0.843643983;0;870;697;8455;0;13;0;11;2216;1;1734;8;72;0
20130201;4;22;48105;1;19;0;4;1308;0;0.100363788;0.292921734;0.606714479;0;4828;14091;29186;0;58;0;79;16916;1;1589;17;354;0
20130201;17;27;64345;18;58;3272;15;3232;0.079213614;0.016753438;0.27153625;0.632496697;5097;1078;17472;40698;0;55;0;56;15682;1;976;66;403;1
20130201;3;17;27403;0;7;0;15;2769;0;0.131153523;0.288873481;0.579972996;0;3594;7916;15893;0;30;0;43;11217;1;1252;27;155;0
20130201;0;7;2403;0;1;0;0;0;0;0;0;1;0;0;0;2403;0;1;0;0;0;0;300;0;13;0
20130201;2;19;28408;0;3;0;51;7810;0.150239369;0.086419319;0.070473106;0.692868206;4268;2455;2002;19683;0;24;0;52;6072;1;1986;62;159;0
20130201;11;26;31093;0;1;0;3;917;0.009648474;0.113080114;0.245425015;0.631846396;300;3516;7631;19646;0;43;0;38;7855;1;3397;39;140;0
20130201;3;22;28011;0;1;0;2;1572;0;0;0.076148656;0.923851344;0;0;2133;25878;0;64;0;38;5912;0;365;14;266;0
20130201;0;5;2680;0;0;0;0;0;0;0.431716418;0.349253731;0.219029851;0;1157;936;587;0;7;0;9;1518;0;104;0;22;0
20130201;2;8;10877;0;2;0;0;217;0.260549784;0.055530017;0.027581135;0.656339064;2834;604;300;7139;0;35;0;28;1907;0;442;2;107;0
20130201;22;23;42339;9;26;5946;2;1821;0;0.103285387;0.25751671;0.639197903;0;4373;10903;27063;0;41;0;56;12227;0;351;13;321;1
20130201;19;19;27524;0;9;0;0;31;0;0.187981398;0.520563872;0.29145473;0;5174;14328;8022;0;65;0;56;11079;1;1295;32;239;1
20130201;0;8;10449;0;4;0;10;1677;0.028710881;0;0.032156187;0.939132931;300;0;336;9813;0;8;0;11;3796;0;65;10;71;0
20130201;1;11;15288;0;2;0;4;1024;0;0;0.136250654;0.863749346;0;0;2083;13205;0;32;0;38;7723;0;411;12;95;0
20130201;1;7;12867;0;7;0;15;969;0.157845652;0;0;0.842154348;2031;0;0;10836;0;8;0;8;1307;1;4020;39;105;0
20130201;11;21;34297;0;17;1272;0;378;0.009563519;0.114791381;0.424410298;0.451234802;328;3937;14556;15476;0;50;0;58;11263;1;2191;29;276;1
20140101;1;15;18921;0;5;420;2;103;0;0.296918768;0.483114;0.219967232;0;5618;9141;4162;0;19;3032;30;7095;0;23;2;120;0
20140101;0;4;2366;0;1;0;0;0;0;0.621724429;0.378275571;0;0;1471;895;0;0;1;26;7;701;0;34;0;26;0
20140101;0;0;0;0;0;0;0;0;0;0;0;0;0;0;0;0;0;0;0;0;0;0;0;0;0;0
20140101;12;10;12416;0;0;0;0;0;0;0.197164948;0.436050258;0.366784794;0;2448;5414;4554;0;9;288;19;3524;0;48;0;86;0
20140101;0;4;6355;0;2;0;0;0;0;0.098819827;0.853973249;0.047206924;0;628;5427;300;0;4;50;13;3023;0;11;0;36;0
20140101;98;19;77174;1;39;1325;0;0;0.028817996;0.17641952;0.319148936;0.475613549;2224;13615;24630;36705;0;106;16426;92;17591;0;95;1;639;0
20140101;2;12;20308;0;0;0;0;0;0.025260981;0.146838684;0.168061848;0.659838487;513;2982;3413;13400;0;69;5643;17;4804;0;65;0;174;0
20140101;0;10;13324;0;3;0;0;0;0;0.022515761;0.07220054;0.905283699;0;300;962;12062;0;24;2557;9;1285;0;39;0;73;0
20140101;0;13;38440;3;21;0;0;155;0.280385016;0.069640999;0.228459938;0.421514048;10778;2677;8782;16203;0;62;4884;55;11132;1;456;5;343;0
20140101;0;15;19642;1;11;0;0;499;0.156552286;0;0;0.843447714;3075;0;0;16567;0;50;4338;40;5757;0;146;1;212;1
20140101;3;13;22558;0;4;0;0;13;0;0.041847682;0.241377782;0.716774537;0;944;5445;16169;0;50;5965;29;6590;1;846;2;156;0
20140101;23;28;62423;10;53;7038;27;5321;0.017189177;0.12758118;0.674398859;0.180830784;1073;7964;42098;11288;0;73;12806;46;11106;1;7085;39;320;1
20140101;6;14;14563;0;1;0;0;0;0.020600151;0.143720387;0.091945341;0.743734121;300;2093;1339;10831;0;46;7566;7;1100;0;4;0;101;0
20140101;0;3;4935;0;2;0;3;960;0.067679838;0.124822695;0.060790274;0.746707194;334;616;300;3685;0;7;1115;9;543;0;49;3;37;0
20140101;0;2;1262;0;0;0;0;0;0;0.923930269;0;0.076069731;0;1166;0;96;0;0;0;5;998;0;0;0;9;0
20140101;0;6;17766;0;7;0;0;0;0;0.229314421;0.30079928;0.4698863;0;4074;5344;8348;0;10;1067;34;6946;1;5385;6;116;0
20140101;0;7;9992;0;0;0;0;0;0;0.036228983;0.305344275;0.658426741;0;362;3051;6579;0;15;778;0;0;1;1399;2;60;0
20140101;0;1;0;0;0;0;0;0;0;0;0;0;0;0;0;0;0;0;0;0;0;0;0;0;1;0
20140101;24;16;36779;0;11;499;0;15;0;0.246254656;0.487017048;0.266728296;0;9057;17912;9810;0;59;6367;50;11429;1;1832;2;296;0
20140101;11;24;32919;4;12;313;4;1329;0;0.057474407;0.417631155;0.524894438;0;1892;13748;17279;0;73;5846;26;5794;1;2646;10;238;0
20140101;6;9;3622;0;0;0;0;0;0.248481502;0;0.473771397;0.277747101;900;0;1716;1006;0;2;600;6;1004;0;29;0;22;0
20140101;9;34;66061;1;42;874;0;1189;0;0.18472321;0.123673574;0.691603215;0;12203;8170;45688;0;84;11957;102;20582;1;4676;4;429;1
20140101;2;14;15598;0;9;0;0;611;0.019233235;0.511988717;0.468778048;0;300;7986;7312;0;0;55;6245;24;2561;0;204;0;161;1
20140101;0;8;12268;0;2;0;0;37;0;0;0.511574829;0.488425171;0;0;6276;5992;0;31;3708;11;2563;1;367;2;84;0
20140101;4;21;19758;0;0;0;0;0;0;0.438860209;0.160896852;0.40024294;0;8671;3179;7908;0;37;5152;14;3607;1;3424;2;132;0
20140101;7;21;44007;0;10;0;0;0;0.02192833;0.102415525;0.313268344;0.562387802;965;4507;13786;24749;0;73;7843;61;18211;1;1645;3;318;1
20140101;5;17;15251;0;0;0;0;0;0;0.069634778;0.039341683;0.891023539;0;1062;600;13589;0;31;6756;7;381;1;952;2;74;1
20140101;14;16;12989;0;0;0;0;300;0.024328278;0.087689583;0.067287705;0.820694434;316;1139;874;10660;0;25;4005;3;643;1;2918;2;65;1
20140101;0;3;3802;0;2;0;0;0;0;0;0;1;0;0;0;3802;0;0;0;10;1235;0;18;0;30;0
20140101;0;11;17916;0;5;0;0;14;0;0.020317035;0.093436035;0.88624693;0;364;1674;15878;0;28;3439;16;2765;1;2054;2;126;1
20140101;5;20;31224;0;15;0;0;121;0;0.040994107;0.111548809;0.847457084;0;1280;3483;26461;0;38;4823;36;8484;1;1648;6;213;0
20140101;0;18;33201;3;12;0;13;2292;0.214511611;0;0.223607723;0.561880666;7122;0;7424;18655;0;37;3340;47;11470;1;516;18;246;0
20140101;15;25;48013;6;23;3242;0;195;0.008789286;0.182450586;0.175910691;0.632849437;422;8760;8446;30385;0;89;11287;60;12805;1;3006;17;363;1
20140101;7;9;10995;1;11;0;0;0;0;0;0.348431105;0.651568895;0;0;3831;7164;0;12;104;31;894;0;56;1;133;0
20140101;9;21;25290;0;3;0;0;47;0;0.260221431;0.281929616;0.457848952;0;6581;7130;11579;0;63;7086;43;7199;0;446;0;226;0
20140101;21;23;59715;0;21;12;0;305;0.075709621;0.083329147;0.463334171;0.377627062;4521;4976;27668;22550;0;90;12108;94;18466;1;2247;2;435;1
20140101;0;10;18078;0;10;0;0;65;0.033189512;0;0.369122691;0.597687797;600;0;6673;10805;0;15;3011;14;1303;0;1578;1;105;0
20140101;14;36;95547;7;46;455;53;7892;0.032873874;0.18793892;0.232660366;0.54652684;3141;17957;22230;52219;0;102;18390;82;21200;1;4490;66;547;1
20140101;1;19;21985;1;11;0;0;78;0;0.094428019;0.329360928;0.576211053;0;2076;7241;12668;0;30;4972;30;5243;1;2281;3;152;1
20140101;2;22;30730;1;8;0;1;1440;0;0.009762447;0.089066059;0.901171494;0;300;2737;27693;0;15;3390;25;4418;1;2435;4;143;0
20140101;6;21;35034;0;8;0;18;2550;0;0.047239824;0.312553519;0.640206656;0;1655;10950;22429;0;55;8294;17;5045;1;2490;24;212;1
20140101;8;26;46305;0;8;0;0;300;0.057056473;0.145254292;0.193283663;0.604405572;2642;6726;8950;27987;0;60;9679;50;14007;1;2481;9;280;0
20140101;7;32;49418;0;31;1594;1;1447;0.013092395;0.097940022;0.123962928;0.765004654;647;4840;6126;37805;0;88;12350;34;7340;1;1435;4;362;1
20140101;6;18;33107;2;22;1282;0;24;0.010692603;0.018123056;0.182982451;0.788201891;354;600;6058;26095;0;43;5136;29;8641;1;2012;5;208;1
20140101;0;25;28922;0;5;0;0;20;0.010372727;0.223878017;0.189267685;0.576481571;300;6475;5474;16673;0;46;7540;32;4352;1;2298;5;189;0
20140101;12;22;38299;0;7;351;0;16;0.101073135;0.029269694;0.104441369;0.765215802;3871;1121;4000;29307;0;69;8635;31;7705;1;2404;3;247;1
20140101;0;12;12200;0;1;0;0;247;0;0.025081967;0.128770492;0.846147541;0;306;1571;10323;0;13;494;19;3015;0;37;0;91;0
20140101;0;15;20676;0;11;0;1;850;0;0.096827239;0.2043432;0.698829561;0;2002;4225;14449;0;22;2989;12;1114;1;5602;3;128;0
20140101;30;25;48335;3;28;1015;6;578;0.115299472;0.041667529;0.163111617;0.679921382;5573;2014;7884;32864;0;72;7947;48;11018;1;1604;12;379;1
20140101;18;21;38724;0;4;253;3;209;0;0.223969631;0.254260923;0.521769445;0;8673;9846;20205;0;51;7245;51;11028;0;42;3;250;0
20140101;1;7;9258;0;0;0;0;0;0;0.06610499;0.032404407;0.901490603;0;612;300;8346;0;14;793;8;1956;1;2001;2;54;0
20140101;0;20;20484;0;8;0;0;467;0.014645577;0.040421793;0.088215192;0.856717438;300;828;1807;17549;0;32;3739;12;2301;1;1232;6;151;0
20140101;0;6;13079;0;4;0;35;3175;0.022937533;0.227540332;0.355914061;0.393608074;300;2976;4655;5148;0;3;631;9;2838;1;2427;37;44;0
20140101;10;22;30302;0;4;5;3;2148;0.080324731;0;0.122335159;0.79734011;2434;0;3707;24161;0;65;5002;21;3807;1;2069;5;213;1
20140101;1;11;14123;0;4;0;0;0;0.177441054;0.235785598;0.586773348;0;2506;3330;8287;0;0;9;1818;14;3206;1;2125;6;73;0
20140101;4;12;11577;0;4;0;1;49;0.035069534;0;0.026690853;0.938239613;406;0;309;10862;0;8;1065;20;3577;0;24;1;93;0
20140101;25;22;38077;1;27;1700;1;1177;0.252304541;0.118549255;0.224072275;0.405073929;9607;4514;8532;15424;0;76;7923;27;6471;1;1439;4;332;1
20140101;0;2;1951;0;1;0;0;0;0;0;0;1;0;0;0;1951;0;0;0;5;1017;0;39;1;11;0
20140101;7;14;24988;3;15;1009;0;0;0.059108372;0.197734913;0.632783736;0.110372979;1477;4941;15812;2758;0;26;3804;31;3930;0;62;3;191;1
20140101;0;5;6158;0;2;0;0;0;0;0.228158493;0.674407275;0.097434232;0;1405;4153;600;0;2;13;7;1414;0;154;0;40;0
20140101;4;26;34405;0;6;0;0;44;0.018921668;0;0.23371603;0.747362302;651;0;8041;25713;0;72;13024;44;6918;0;1320;0;265;0
20140101;0;7;5067;0;0;0;1;327;0;0;0;1;0;0;0;5067;0;9;508;10;463;0;342;1;54;0
20140101;14;30;42084;0;7;0;0;212;0.099111301;0.063872255;0.178262523;0.658753921;4171;2688;7502;27723;0;85;8719;30;5768;1;1141;2;336;1
20140101;41;38;106354;8;52;928;8;1665;0.005660342;0.291197322;0.384743404;0.318398932;602;30970;40919;33863;0;181;26930;75;14703;1;2195;22;751;0
20140101;4;23;48575;0;2;0;4;454;0.006176016;0.228121462;0.398250129;0.367452393;300;11081;19345;17849;0;33;5522;61;16317;1;1283;6;235;1
20140101;5;22;40685;0;7;0;17;3731;0.136217279;0.067789111;0.031018803;0.764974806;5542;2758;1262;31123;0;84;11989;31;5302;1;2626;19;284;0
20140101;26;34;55981;4;16;2731;50;3572;0.040942463;0.037280506;0.136814276;0.784962755;2292;2087;7659;43943;0;86;14359;62;15207;1;1569;57;362;1
20140101;9;13;22951;0;3;15;0;0;0;0.666289051;0.044747506;0.288963444;0;15292;1027;6632;0;44;8183;27;5807;0;11;0;149;1
